blah,blah,term,ipip install flask
blah,blah,term,how to quit file python in middle
blah,blah,term,how to end file python
blah,blah,term,professor danielle allen
blah,blah,term,The email address used for the commits is associated with your account on GitHubcom
blah,blah,term,github activity not showing up on personal profile
blah,blah,term,warp
blah,blah,term,infection in finger after cactus
blah,blah,term,infection in finger after cactus
blah,blah,term,infection in finger after cactus
blah,blah,term,infection in finger
blah,blah,term,infection in finger
blah,blah,term,infection in finger
blah,blah,term,ipip install flask
blah,blah,term,how to quit file python in middle
blah,blah,term,how to end file python
blah,blah,term,professor danielle allen
blah,blah,term,The email address used for the commits is associated with your account on GitHubcom
blah,blah,term,github activity not showing up on personal profile
blah,blah,term,warp
blah,blah,term,infection in finger after cactus
blah,blah,term,infection in finger after cactus
blah,blah,term,infection in finger after cactus
blah,blah,term,infection in finger
blah,blah,term,infection in finger
blah,blah,term,infection in finger
blah,blah,term,raku nyc
blah,blah,term,weather
blah,blah,term,how to set up flask server to run python models
blah,blah,term,running python machine learning models using flask
blah,blah,term,engsci 
blah,blah,term,raku nyc
blah,blah,term,weather
blah,blah,term,how to set up flask server to run python models
blah,blah,term,running python machine learning models using flask
blah,blah,term,engsci 
blah,blah,term,raku nyc
blah,blah,term,weather
blah,blah,term,how to set up flask server to run python models
blah,blah,term,running python machine learning models using flask
blah,blah,term,engsci 
blah,blah,term,raku nyc
blah,blah,term,weather
blah,blah,term,how to set up flask server to run python models
blah,blah,term,running python machine learning models using flask
blah,blah,term,engsci 
blah,blah,term,raku nyc
blah,blah,term,weather
blah,blah,term,how to set up flask server to run python models
blah,blah,term,running python machine learning models using flask
blah,blah,term,engsci 
blah,blah,term,raku nyc
blah,blah,term,weather
blah,blah,term,how to set up flask server to run python models
blah,blah,term,running python machine learning models using flask
blah,blah,term,engsci 
blah,blah,term,raku nyc
blah,blah,term,weather
blah,blah,term,how to set up flask server to run python models
blah,blah,term,running python machine learning models using flask
blah,blah,term,engsci 
blah,blah,term,raku nyc
blah,blah,term,weather
blah,blah,term,how to set up flask server to run python models
blah,blah,term,running python machine learning models using flask
blah,blah,term,engsci 
blah,blah,term,shoudl you add jupyter checkpoints to git ignore
blah,blah,term,what is ipynbcheckpoints
blah,blah,term,omw error with nltk
blah,blah,term,Resource omw not found
blah,blah,term,pip install omw
blah,blah,term,nltk error Attempted to load corporaFomw
blah,blah,term,python m pip install sentence transformers
blah,blah,term,activate virtual python environment
blah,blah,term,flask installed but ModuleNotFoundErrorA No module named flask
blah,blah,term,ModuleNotFoundErrorA No module named flask but Flask installed
blah,blah,term,ModuleNotFoundErrorA No module named flask
blah,blah,term,conda de activate environment
blah,blah,term,pip install openblas
blah,blah,term,scipy installed in ptyhon but not python
blah,blah,term,how to check if scipy is installed
blah,blah,term,ErrorA Cannot install under Rosetta  in ARM default prefix FoptFhomebrew
blah,blah,term,install scipy on m mac
blah,blah,term,pip ERRORA Dependency openblas not foundC tried pkgconfig and framework
blah,blah,term,pip install FFscipyFmesonbuildAAA ERRORA Dependency openblas not foundC tried pkgconfig and framework
blah,blah,term,chrome extension hwo to detect when new tab is created
blah,blah,term,pip upgrade packages python
blah,blah,term, forbidden api response code
blah,blah,term,pip upgrade all packages in environment
blah,blah,term,pip update all
blah,blah,term,chrome tab on installed on update listener
blah,blah,term,pip upgrade all packages
blah,blah,term,chrome extensio persistnet background script
blah,blah,term,pip upgrade all packages
blah,blah,term,No matching distribution found for scipyED
blah,blah,term,how to deploy python NLP model in app
blah,blah,term,how to use pickle to host a python NLP pretrained model on app
blah,blah,term,what is pickling in python
blah,blah,term,pip uninstall packages
blah,blah,term,how to host python nlp models on flask app
blah,blah,term,which conda check
blah,blah,term,conda how to check what is currently installed in env
blah,blah,term,conda how to check what is currently listed in env
blah,blah,term,list conda environments
blah,blah,term,conda environment package installed but module not found
blah,blah,term,how to install python models in flask python
blah,blah,term,conda environment package installed but moduel not found
blah,blah,term,conda installed but module not found
blah,blah,term,how to check pythonpath environment variable
blah,blah,term,conda can install but not import packages
blah,blah,term,package listed in conda list but modulenotfound
blah,blah,term,shoudl you add jupyter checkpoints to git ignore
blah,blah,term,what is ipynbcheckpoints
blah,blah,term,omw error with nltk
blah,blah,term,Resource omw not found
blah,blah,term,pip install omw
blah,blah,term,nltk error Attempted to load corporaFomw
blah,blah,term,python m pip install sentence transformers
blah,blah,term,activate virtual python environment
blah,blah,term,flask installed but ModuleNotFoundErrorA No module named flask
blah,blah,term,ModuleNotFoundErrorA No module named flask but Flask installed
blah,blah,term,ModuleNotFoundErrorA No module named flask
blah,blah,term,conda de activate environment
blah,blah,term,pip install openblas
blah,blah,term,scipy installed in ptyhon but not python
blah,blah,term,how to check if scipy is installed
blah,blah,term,ErrorA Cannot install under Rosetta  in ARM default prefix FoptFhomebrew
blah,blah,term,install scipy on m mac
blah,blah,term,pip ERRORA Dependency openblas not foundC tried pkgconfig and framework
blah,blah,term,pip install FFscipyFmesonbuildAAA ERRORA Dependency openblas not foundC tried pkgconfig and framework
blah,blah,term,chrome extension hwo to detect when new tab is created
blah,blah,term,pip upgrade packages python
blah,blah,term, forbidden api response code
blah,blah,term,pip upgrade all packages in environment
blah,blah,term,pip update all
blah,blah,term,chrome tab on installed on update listener
blah,blah,term,pip upgrade all packages
blah,blah,term,chrome extensio persistnet background script
blah,blah,term,pip upgrade all packages
blah,blah,term,No matching distribution found for scipyED
blah,blah,term,how to deploy python NLP model in app
blah,blah,term,how to use pickle to host a python NLP pretrained model on app
blah,blah,term,what is pickling in python
blah,blah,term,pip uninstall packages
blah,blah,term,how to host python nlp models on flask app
blah,blah,term,which conda check
blah,blah,term,conda how to check what is currently installed in env
blah,blah,term,conda how to check what is currently listed in env
blah,blah,term,list conda environments
blah,blah,term,conda environment package installed but module not found
blah,blah,term,how to install python models in flask python
blah,blah,term,conda environment package installed but moduel not found
blah,blah,term,conda installed but module not found
blah,blah,term,how to check pythonpath environment variable
blah,blah,term,conda can install but not import packages
blah,blah,term,package listed in conda list but modulenotfound
blah,blah,term,shoudl you add jupyter checkpoints to git ignore
blah,blah,term,what is ipynbcheckpoints
blah,blah,term,omw error with nltk
blah,blah,term,Resource omw not found
blah,blah,term,pip install omw
blah,blah,term,nltk error Attempted to load corporaFomw
blah,blah,term,python m pip install sentence transformers
blah,blah,term,activate virtual python environment
blah,blah,term,flask installed but ModuleNotFoundErrorA No module named flask
blah,blah,term,ModuleNotFoundErrorA No module named flask but Flask installed
blah,blah,term,ModuleNotFoundErrorA No module named flask
blah,blah,term,conda de activate environment
blah,blah,term,pip install openblas
blah,blah,term,scipy installed in ptyhon but not python
blah,blah,term,how to check if scipy is installed
blah,blah,term,ErrorA Cannot install under Rosetta  in ARM default prefix FoptFhomebrew
blah,blah,term,install scipy on m mac
blah,blah,term,pip ERRORA Dependency openblas not foundC tried pkgconfig and framework
blah,blah,term,pip install FFscipyFmesonbuildAAA ERRORA Dependency openblas not foundC tried pkgconfig and framework
blah,blah,term,chrome extension hwo to detect when new tab is created
blah,blah,term,pip upgrade packages python
blah,blah,term, forbidden api response code
blah,blah,term,pip upgrade all packages in environment
blah,blah,term,pip update all
blah,blah,term,chrome tab on installed on update listener
blah,blah,term,pip upgrade all packages
blah,blah,term,chrome extensio persistnet background script
blah,blah,term,pip upgrade all packages
blah,blah,term,No matching distribution found for scipyED
blah,blah,term,how to deploy python NLP model in app
blah,blah,term,how to use pickle to host a python NLP pretrained model on app
blah,blah,term,what is pickling in python
blah,blah,term,pip uninstall packages
blah,blah,term,how to host python nlp models on flask app
blah,blah,term,which conda check
blah,blah,term,conda how to check what is currently installed in env
blah,blah,term,conda how to check what is currently listed in env
blah,blah,term,list conda environments
blah,blah,term,conda environment package installed but module not found
blah,blah,term,how to install python models in flask python
blah,blah,term,conda environment package installed but moduel not found
blah,blah,term,conda installed but module not found
blah,blah,term,how to check pythonpath environment variable
blah,blah,term,conda can install but not import packages
blah,blah,term,package listed in conda list but modulenotfound
blah,blah,term,python prevent pycache
blah,blah,term,shoudl you add jupyter checkpoints to git ignore
blah,blah,term,what is ipynbcheckpoints
blah,blah,term,omw error with nltk
blah,blah,term,Resource omw not found
blah,blah,term,pip install omw
blah,blah,term,nltk error Attempted to load corporaFomw
blah,blah,term,python m pip install sentence transformers
blah,blah,term,activate virtual python environment
blah,blah,term,flask installed but ModuleNotFoundErrorA No module named flask
blah,blah,term,ModuleNotFoundErrorA No module named flask but Flask installed
blah,blah,term,ModuleNotFoundErrorA No module named flask
blah,blah,term,conda de activate environment
blah,blah,term,pip install openblas
blah,blah,term,scipy installed in ptyhon but not python
blah,blah,term,how to check if scipy is installed
blah,blah,term,ErrorA Cannot install under Rosetta  in ARM default prefix FoptFhomebrew
blah,blah,term,install scipy on m mac
blah,blah,term,pip ERRORA Dependency openblas not foundC tried pkgconfig and framework
blah,blah,term,pip install FFscipyFmesonbuildAAA ERRORA Dependency openblas not foundC tried pkgconfig and framework
blah,blah,term,chrome extension hwo to detect when new tab is created
blah,blah,term,pip upgrade packages python
blah,blah,term, forbidden api response code
blah,blah,term,pip upgrade all packages in environment
blah,blah,term,pip update all
blah,blah,term,chrome tab on installed on update listener
blah,blah,term,pip upgrade all packages
blah,blah,term,chrome extensio persistnet background script
blah,blah,term,pip upgrade all packages
blah,blah,term,No matching distribution found for scipyED
blah,blah,term,how to deploy python NLP model in app
blah,blah,term,how to use pickle to host a python NLP pretrained model on app
blah,blah,term,what is pickling in python
blah,blah,term,pip uninstall packages
blah,blah,term,how to host python nlp models on flask app
blah,blah,term,which conda check
blah,blah,term,conda how to check what is currently installed in env
blah,blah,term,conda how to check what is currently listed in env
blah,blah,term,list conda environments
blah,blah,term,conda environment package installed but module not found
blah,blah,term,how to install python models in flask python
blah,blah,term,conda environment package installed but moduel not found
blah,blah,term,conda installed but module not found
blah,blah,term,how to check pythonpath environment variable
blah,blah,term,conda can install but not import packages
blah,blah,term,how to add text animation to h tag in html
blah,blah,term,javasciprt how to add animation that types out text
blah,blah,term,google fonts
blah,blah,term,python prevent pycache
blah,blah,term,shoudl you add jupyter checkpoints to git ignore
blah,blah,term,what is ipynbcheckpoints
blah,blah,term,omw error with nltk
blah,blah,term,Resource omw not found
blah,blah,term,pip install omw
blah,blah,term,nltk error Attempted to load corporaFomw
blah,blah,term,python m pip install sentence transformers
blah,blah,term,activate virtual python environment
blah,blah,term,flask installed but ModuleNotFoundErrorA No module named flask
blah,blah,term,ModuleNotFoundErrorA No module named flask but Flask installed
blah,blah,term,ModuleNotFoundErrorA No module named flask
blah,blah,term,conda de activate environment
blah,blah,term,pip install openblas
blah,blah,term,scipy installed in ptyhon but not python
blah,blah,term,how to check if scipy is installed
blah,blah,term,ErrorA Cannot install under Rosetta  in ARM default prefix FoptFhomebrew
blah,blah,term,install scipy on m mac
blah,blah,term,pip ERRORA Dependency openblas not foundC tried pkgconfig and framework
blah,blah,term,pip install FFscipyFmesonbuildAAA ERRORA Dependency openblas not foundC tried pkgconfig and framework
blah,blah,term,chrome extension hwo to detect when new tab is created
blah,blah,term,pip upgrade packages python
blah,blah,term, forbidden api response code
blah,blah,term,pip upgrade all packages in environment
blah,blah,term,pip update all
blah,blah,term,chrome tab on installed on update listener
blah,blah,term,pip upgrade all packages
blah,blah,term,chrome extensio persistnet background script
blah,blah,term,pip upgrade all packages
blah,blah,term,No matching distribution found for scipyED
blah,blah,term,how to deploy python NLP model in app
blah,blah,term,how to use pickle to host a python NLP pretrained model on app
blah,blah,term,what is pickling in python
blah,blah,term,pip uninstall packages
blah,blah,term,how to host python nlp models on flask app
blah,blah,term,which conda check
blah,blah,term,conda how to check what is currently installed in env
blah,blah,term,conda how to check what is currently listed in env
blah,blah,term,list conda environments
blah,blah,term,conda environment package installed but module not found
blah,blah,term,how to install python models in flask python
blah,blah,term,text typing animation html
blah,blah,term,how to add line break in h
blah,blah,term,how to add text animation to h tag in html
blah,blah,term,javasciprt how to add animation that types out text
blah,blah,term,google fonts
blah,blah,term,python prevent pycache
blah,blah,term,shoudl you add jupyter checkpoints to git ignore
blah,blah,term,what is ipynbcheckpoints
blah,blah,term,omw error with nltk
blah,blah,term,Resource omw not found
blah,blah,term,pip install omw
blah,blah,term,nltk error Attempted to load corporaFomw
blah,blah,term,python m pip install sentence transformers
blah,blah,term,activate virtual python environment
blah,blah,term,flask installed but ModuleNotFoundErrorA No module named flask
blah,blah,term,ModuleNotFoundErrorA No module named flask but Flask installed
blah,blah,term,ModuleNotFoundErrorA No module named flask
blah,blah,term,conda de activate environment
blah,blah,term,pip install openblas
blah,blah,term,scipy installed in ptyhon but not python
blah,blah,term,how to check if scipy is installed
blah,blah,term,ErrorA Cannot install under Rosetta  in ARM default prefix FoptFhomebrew
blah,blah,term,install scipy on m mac
blah,blah,term,pip ERRORA Dependency openblas not foundC tried pkgconfig and framework
blah,blah,term,pip install FFscipyFmesonbuildAAA ERRORA Dependency openblas not foundC tried pkgconfig and framework
blah,blah,term,chrome extension hwo to detect when new tab is created
blah,blah,term,pip upgrade packages python
blah,blah,term, forbidden api response code
blah,blah,term,pip upgrade all packages in environment
blah,blah,term,pip update all
blah,blah,term,chrome tab on installed on update listener
blah,blah,term,pip upgrade all packages
blah,blah,term,chrome extensio persistnet background script
blah,blah,term,pip upgrade all packages
blah,blah,term,No matching distribution found for scipyED
blah,blah,term,how to deploy python NLP model in app
blah,blah,term,how to use pickle to host a python NLP pretrained model on app
blah,blah,term,what is pickling in python
blah,blah,term,pip uninstall packages
blah,blah,term,how to host python nlp models on flask app
blah,blah,term,which conda check
blah,blah,term,conda how to check what is currently installed in env
blah,blah,term,conda how to check what is currently listed in env
blah,blah,term,list conda environments
blah,blah,term,text typing animation html
blah,blah,term,how to add line break in h
blah,blah,term,how to add text animation to h tag in html
blah,blah,term,javasciprt how to add animation that types out text
blah,blah,term,google fonts
blah,blah,term,python prevent pycache
blah,blah,term,shoudl you add jupyter checkpoints to git ignore
blah,blah,term,what is ipynbcheckpoints
blah,blah,term,omw error with nltk
blah,blah,term,Resource omw not found
blah,blah,term,pip install omw
blah,blah,term,nltk error Attempted to load corporaFomw
blah,blah,term,python m pip install sentence transformers
blah,blah,term,activate virtual python environment
blah,blah,term,flask installed but ModuleNotFoundErrorA No module named flask
blah,blah,term,ModuleNotFoundErrorA No module named flask but Flask installed
blah,blah,term,ModuleNotFoundErrorA No module named flask
blah,blah,term,conda de activate environment
blah,blah,term,pip install openblas
blah,blah,term,scipy installed in ptyhon but not python
blah,blah,term,how to check if scipy is installed
blah,blah,term,ErrorA Cannot install under Rosetta  in ARM default prefix FoptFhomebrew
blah,blah,term,install scipy on m mac
blah,blah,term,pip ERRORA Dependency openblas not foundC tried pkgconfig and framework
blah,blah,term,pip install FFscipyFmesonbuildAAA ERRORA Dependency openblas not foundC tried pkgconfig and framework
blah,blah,term,chrome extension hwo to detect when new tab is created
blah,blah,term,pip upgrade packages python
blah,blah,term, forbidden api response code
blah,blah,term,pip upgrade all packages in environment
blah,blah,term,pip update all
blah,blah,term,chrome tab on installed on update listener
blah,blah,term,pip upgrade all packages
blah,blah,term,chrome extensio persistnet background script
blah,blah,term,pip upgrade all packages
blah,blah,term,No matching distribution found for scipyED
blah,blah,term,how to deploy python NLP model in app
blah,blah,term,how to use pickle to host a python NLP pretrained model on app
blah,blah,term,what is pickling in python
blah,blah,term,pip uninstall packages
blah,blah,term,how to host python nlp models on flask app
blah,blah,term,which conda check
blah,blah,term,conda how to check what is currently installed in env
blah,blah,term,conda how to check what is currently listed in env
blah,blah,term,list conda environments
blah,blah,term,css animation loop x times
blah,blah,term,css animation infinite vs timer
blah,blah,term,css blink s infinite
blah,blah,term,css one animation after another
blah,blah,term,css multiple animations
blah,blah,term,css hide until delay
blah,blah,term,css hide until delay
blah,blah,term,css delay style change
blah,blah,term,css change property after delay
blah,blah,term,css delay opacity
blah,blah,term,css animation start delay
blah,blah,term,css typewriter effect
blah,blah,term,text animation move to next line html
blah,blah,term,text typing animation html
blah,blah,term,how to add line break in h
blah,blah,term,how to add text animation to h tag in html
blah,blah,term,javasciprt how to add animation that types out text
blah,blah,term,google fonts
blah,blah,term,python prevent pycache
blah,blah,term,shoudl you add jupyter checkpoints to git ignore
blah,blah,term,what is ipynbcheckpoints
blah,blah,term,omw error with nltk
blah,blah,term,Resource omw not found
blah,blah,term,pip install omw
blah,blah,term,nltk error Attempted to load corporaFomw
blah,blah,term,python m pip install sentence transformers
blah,blah,term,activate virtual python environment
blah,blah,term,flask installed but ModuleNotFoundErrorA No module named flask
blah,blah,term,ModuleNotFoundErrorA No module named flask but Flask installed
blah,blah,term,ModuleNotFoundErrorA No module named flask
blah,blah,term,conda de activate environment
blah,blah,term,pip install openblas
blah,blah,term,scipy installed in ptyhon but not python
blah,blah,term,how to check if scipy is installed
blah,blah,term,ErrorA Cannot install under Rosetta  in ARM default prefix FoptFhomebrew
blah,blah,term,install scipy on m mac
blah,blah,term,pip ERRORA Dependency openblas not foundC tried pkgconfig and framework
blah,blah,term,pip install FFscipyFmesonbuildAAA ERRORA Dependency openblas not foundC tried pkgconfig and framework
blah,blah,term,chrome extension hwo to detect when new tab is created
blah,blah,term,pip upgrade packages python
blah,blah,term, forbidden api response code
blah,blah,term,how to include a scss file in html
blah,blah,term,waht is the difference between scss and css
blah,blah,term,html css javascript typewriter effect on render
blah,blah,term,typewriter effect on render
blah,blah,term,html javascript render after previous animation
blah,blah,term,typewriter effect for multiple lines with cursor
blah,blah,term,typewriter effect for multiple lines
blah,blah,term,html javascript script for typwriting effect
blah,blah,term,Chrome history Api returning unexpected results
blah,blah,term,google chrome get history api
blah,blah,term,chrome history API one day ago
blah,blah,term,chrome history API parameters
blah,blah,term,chrome history API documentation
blah,blah,term,chrome search API documentation
blah,blah,term,chromehistry search API
blah,blah,term,css animation loop x times
blah,blah,term,css animation infinite vs timer
blah,blah,term,css blink s infinite
blah,blah,term,css one animation after another
blah,blah,term,css multiple animations
blah,blah,term,css hide until delay
blah,blah,term,css hide until delay
blah,blah,term,css delay style change
blah,blah,term,css change property after delay
blah,blah,term,css delay opacity
blah,blah,term,css animation start delay
blah,blah,term,css typewriter effect
blah,blah,term,text animation move to next line html
blah,blah,term,how to include a scss file in html
blah,blah,term,waht is the difference between scss and css
blah,blah,term,html css javascript typewriter effect on render
blah,blah,term,typewriter effect on render
blah,blah,term,html javascript render after previous animation
blah,blah,term,typewriter effect for multiple lines with cursor
blah,blah,term,typewriter effect for multiple lines
blah,blah,term,html javascript script for typwriting effect
blah,blah,term,Chrome history Api returning unexpected results
blah,blah,term,google chrome get history api
blah,blah,term,chrome history API one day ago
blah,blah,term,chrome history API parameters
blah,blah,term,chrome history API documentation
blah,blah,term,chrome search API documentation
blah,blah,term,chromehistry search API
blah,blah,term,css animation loop x times
blah,blah,term,css animation infinite vs timer
blah,blah,term,css blink s infinite
blah,blah,term,css one animation after another
blah,blah,term,css multiple animations
blah,blah,term,css hide until delay
blah,blah,term,css hide until delay
blah,blah,term,css delay style change
blah,blah,term,css change property after delay
blah,blah,term,css delay opacity
blah,blah,term,css animation start delay
blah,blah,term,css typewriter effect
blah,blah,term,text animation move to next line html
blah,blah,term,multiline typewriter effect with html css
blah,blah,term,how to include a scss file in html
blah,blah,term,waht is the difference between scss and css
blah,blah,term,html css javascript typewriter effect on render
blah,blah,term,typewriter effect on render
blah,blah,term,html javascript render after previous animation
blah,blah,term,typewriter effect for multiple lines with cursor
blah,blah,term,typewriter effect for multiple lines
blah,blah,term,html javascript script for typwriting effect
blah,blah,term,Chrome history Api returning unexpected results
blah,blah,term,google chrome get history api
blah,blah,term,chrome history API one day ago
blah,blah,term,chrome history API parameters
blah,blah,term,chrome history API documentation
blah,blah,term,chrome search API documentation
blah,blah,term,chromehistry search API
blah,blah,term,css animation loop x times
blah,blah,term,css animation infinite vs timer
blah,blah,term,css blink s infinite
blah,blah,term,css one animation after another
blah,blah,term,css multiple animations
blah,blah,term,css hide until delay
blah,blah,term,css hide until delay
blah,blah,term,css delay style change
blah,blah,term,css change property after delay
blah,blah,term,css delay opacity
blah,blah,term,css animation start delay
blah,blah,term,css typewriter effect
blah,blah,term,text animation move to next line html
blah,blah,term,multiline typewriter effect with html css
blah,blah,term,how to include a scss file in html
blah,blah,term,waht is the difference between scss and css
blah,blah,term,html css javascript typewriter effect on render
blah,blah,term,typewriter effect on render
blah,blah,term,html javascript render after previous animation
blah,blah,term,typewriter effect for multiple lines with cursor
blah,blah,term,typewriter effect for multiple lines
blah,blah,term,html javascript script for typwriting effect
blah,blah,term,Chrome history Api returning unexpected results
blah,blah,term,google chrome get history api
blah,blah,term,chrome history API one day ago
blah,blah,term,chrome history API parameters
blah,blah,term,chrome history API documentation
blah,blah,term,chrome search API documentation
blah,blah,term,chromehistry search API
blah,blah,term,css animation loop x times
blah,blah,term,css animation infinite vs timer
blah,blah,term,css blink s infinite
blah,blah,term,css one animation after another
blah,blah,term,css multiple animations
blah,blah,term,css hide until delay
blah,blah,term,css hide until delay
blah,blah,term,css delay style change
blah,blah,term,css change property after delay
blah,blah,term,css delay opacity
blah,blah,term,css animation start delay
blah,blah,term,css typewriter effect
blah,blah,term,text animation move to next line html
blah,blah,term,multiline typewriter effect with html css
blah,blah,term,how to include a scss file in html
blah,blah,term,waht is the difference between scss and css
blah,blah,term,html css javascript typewriter effect on render
blah,blah,term,typewriter effect on render
blah,blah,term,html javascript render after previous animation
blah,blah,term,typewriter effect for multiple lines with cursor
blah,blah,term,typewriter effect for multiple lines
blah,blah,term,html javascript script for typwriting effect
blah,blah,term,Chrome history Api returning unexpected results
blah,blah,term,google chrome get history api
blah,blah,term,chrome history API one day ago
blah,blah,term,chrome history API parameters
blah,blah,term,chrome history API documentation
blah,blah,term,chrome search API documentation
blah,blah,term,chromehistry search API
blah,blah,term,css animation loop x times
blah,blah,term,css animation infinite vs timer
blah,blah,term,css blink s infinite
blah,blah,term,css one animation after another
blah,blah,term,css multiple animations
blah,blah,term,css hide until delay
blah,blah,term,css hide until delay
blah,blah,term,css delay style change
blah,blah,term,css change property after delay
blah,blah,term,css delay opacity
blah,blah,term,css animation start delay
blah,blah,term,css typewriter effect
blah,blah,term,text animation move to next line html
blah,blah,term,multiline typewriter effect with html css
blah,blah,term,how to include a scss file in html
blah,blah,term,waht is the difference between scss and css
blah,blah,term,html css javascript typewriter effect on render
blah,blah,term,typewriter effect on render
blah,blah,term,html javascript render after previous animation
blah,blah,term,typewriter effect for multiple lines with cursor
blah,blah,term,typewriter effect for multiple lines
blah,blah,term,html javascript script for typwriting effect
blah,blah,term,Chrome history Api returning unexpected results
blah,blah,term,google chrome get history api
blah,blah,term,chrome history API one day ago
blah,blah,term,chrome history API parameters
blah,blah,term,chrome history API documentation
blah,blah,term,chrome search API documentation
blah,blah,term,chromehistry search API
blah,blah,term,css animation loop x times
blah,blah,term,css animation infinite vs timer
blah,blah,term,css blink s infinite
blah,blah,term,css one animation after another
blah,blah,term,css multiple animations
blah,blah,term,css hide until delay
blah,blah,term,css hide until delay
blah,blah,term,css delay style change
blah,blah,term,css change property after delay
blah,blah,term,css delay opacity
blah,blah,term,css animation start delay
blah,blah,term,css typewriter effect
blah,blah,term,text animation move to next line html
blah,blah,term,multiline typewriter effect with html css
blah,blah,term,how to include a scss file in html
blah,blah,term,waht is the difference between scss and css
blah,blah,term,html css javascript typewriter effect on render
blah,blah,term,typewriter effect on render
blah,blah,term,html javascript render after previous animation
blah,blah,term,typewriter effect for multiple lines with cursor
blah,blah,term,typewriter effect for multiple lines
blah,blah,term,html javascript script for typwriting effect
blah,blah,term,Chrome history Api returning unexpected results
blah,blah,term,google chrome get history api
blah,blah,term,chrome history API one day ago
blah,blah,term,chrome history API parameters
blah,blah,term,chrome history API documentation
blah,blah,term,chrome search API documentation
blah,blah,term,chromehistry search API
blah,blah,term,css animation loop x times
blah,blah,term,css animation infinite vs timer
blah,blah,term,css blink s infinite
blah,blah,term,css one animation after another
blah,blah,term,css multiple animations
blah,blah,term,css hide until delay
blah,blah,term,css hide until delay
blah,blah,term,css delay style change
blah,blah,term,css change property after delay
blah,blah,term,css delay opacity
blah,blah,term,css animation start delay
blah,blah,term,css typewriter effect
blah,blah,term,text animation move to next line html
blah,blah,term,multiline typewriter effect with html css
blah,blah,term,how to include a scss file in html
blah,blah,term,waht is the difference between scss and css
blah,blah,term,html css javascript typewriter effect on render
blah,blah,term,typewriter effect on render
blah,blah,term,html javascript render after previous animation
blah,blah,term,typewriter effect for multiple lines with cursor
blah,blah,term,typewriter effect for multiple lines
blah,blah,term,html javascript script for typwriting effect
blah,blah,term,Chrome history Api returning unexpected results
blah,blah,term,google chrome get history api
blah,blah,term,chrome history API one day ago
blah,blah,term,chrome history API parameters
blah,blah,term,chrome history API documentation
blah,blah,term,chrome search API documentation
blah,blah,term,chromehistry search API
blah,blah,term,css animation loop x times
blah,blah,term,css animation infinite vs timer
blah,blah,term,css blink s infinite
blah,blah,term,css one animation after another
blah,blah,term,css multiple animations
blah,blah,term,css hide until delay
blah,blah,term,css hide until delay
blah,blah,term,css delay style change
blah,blah,term,css change property after delay
blah,blah,term,css delay opacity
blah,blah,term,css animation start delay
blah,blah,term,css typewriter effect
blah,blah,term,text animation move to next line html
blah,blah,term,multiline typewriter effect with html css
blah,blah,term,how to include a scss file in html
blah,blah,term,waht is the difference between scss and css
blah,blah,term,html css javascript typewriter effect on render
blah,blah,term,typewriter effect on render
blah,blah,term,html javascript render after previous animation
blah,blah,term,typewriter effect for multiple lines with cursor
blah,blah,term,typewriter effect for multiple lines
blah,blah,term,html javascript script for typwriting effect
blah,blah,term,Chrome history Api returning unexpected results
blah,blah,term,google chrome get history api
blah,blah,term,chrome history API one day ago
blah,blah,term,chrome history API parameters
blah,blah,term,chrome history API documentation
blah,blah,term,chrome search API documentation
blah,blah,term,chromehistry search API
blah,blah,term,css animation loop x times
blah,blah,term,css animation infinite vs timer
blah,blah,term,css blink s infinite
blah,blah,term,css one animation after another
blah,blah,term,css multiple animations
blah,blah,term,css hide until delay
blah,blah,term,css hide until delay
blah,blah,term,css delay style change
blah,blah,term,css change property after delay
blah,blah,term,css delay opacity
blah,blah,term,css animation start delay
blah,blah,term,css typewriter effect
blah,blah,term,text animation move to next line html
blah,blah,term,multiline typewriter effect with html css
blah,blah,term,how to include a scss file in html
blah,blah,term,waht is the difference between scss and css
blah,blah,term,html css javascript typewriter effect on render
blah,blah,term,typewriter effect on render
blah,blah,term,html javascript render after previous animation
blah,blah,term,typewriter effect for multiple lines with cursor
blah,blah,term,typewriter effect for multiple lines
blah,blah,term,html javascript script for typwriting effect
blah,blah,term,Chrome history Api returning unexpected results
blah,blah,term,google chrome get history api
blah,blah,term,chrome history API one day ago
blah,blah,term,chrome history API parameters
blah,blah,term,chrome history API documentation
blah,blah,term,chrome search API documentation
blah,blah,term,chromehistry search API
blah,blah,term,css animation loop x times
blah,blah,term,css animation infinite vs timer
blah,blah,term,css blink s infinite
blah,blah,term,css one animation after another
blah,blah,term,css multiple animations
blah,blah,term,css hide until delay
blah,blah,term,css hide until delay
blah,blah,term,css delay style change
blah,blah,term,css change property after delay
blah,blah,term,css delay opacity
blah,blah,term,css animation start delay
blah,blah,term,css typewriter effect
blah,blah,term,text animation move to next line html
blah,blah,term,multiline typewriter effect with html css
blah,blah,term,how to include a scss file in html
blah,blah,term,waht is the difference between scss and css
blah,blah,term,html css javascript typewriter effect on render
blah,blah,term,typewriter effect on render
blah,blah,term,html javascript render after previous animation
blah,blah,term,typewriter effect for multiple lines with cursor
blah,blah,term,typewriter effect for multiple lines
blah,blah,term,html javascript script for typwriting effect
blah,blah,term,Chrome history Api returning unexpected results
blah,blah,term,google chrome get history api
blah,blah,term,chrome history API one day ago
blah,blah,term,chrome history API parameters
blah,blah,term,chrome history API documentation
blah,blah,term,chrome search API documentation
blah,blah,term,chromehistry search API
blah,blah,term,css animation loop x times
blah,blah,term,css animation infinite vs timer
blah,blah,term,css blink s infinite
blah,blah,term,css one animation after another
blah,blah,term,css multiple animations
blah,blah,term,css hide until delay
blah,blah,term,css hide until delay
blah,blah,term,css delay style change
blah,blah,term,css change property after delay
blah,blah,term,css delay opacity
blah,blah,term,css animation start delay
blah,blah,term,css typewriter effect
blah,blah,term,text animation move to next line html
blah,blah,term,multiline typewriter effect with html css
blah,blah,term,how to include a scss file in html
blah,blah,term,waht is the difference between scss and css
blah,blah,term,html css javascript typewriter effect on render
blah,blah,term,typewriter effect on render
blah,blah,term,html javascript render after previous animation
blah,blah,term,typewriter effect for multiple lines with cursor
blah,blah,term,typewriter effect for multiple lines
blah,blah,term,html javascript script for typwriting effect
blah,blah,term,Chrome history Api returning unexpected results
blah,blah,term,google chrome get history api
blah,blah,term,chrome history API one day ago
blah,blah,term,chrome history API parameters
blah,blah,term,chrome history API documentation
blah,blah,term,chrome search API documentation
blah,blah,term,chromehistry search API
blah,blah,term,css animation loop x times
blah,blah,term,css animation infinite vs timer
blah,blah,term,css blink s infinite
blah,blah,term,css one animation after another
blah,blah,term,css multiple animations
blah,blah,term,css hide until delay
blah,blah,term,css hide until delay
blah,blah,term,css delay style change
blah,blah,term,css change property after delay
blah,blah,term,css delay opacity
blah,blah,term,css animation start delay
blah,blah,term,css typewriter effect
blah,blah,term,text animation move to next line html
