blah,blah,term,d link length
blah,blah,term,d line lenght
blah,blah,term,select font d attribute
blah,blah,term,text font style d attribute
blah,blah,term,text font d attribute
blah,blah,term,text size in d
blah,blah,term,hello
blah,blah,term,csvreader wihtout header
blah,blah,term,csvreadercsvfile without header
blah,blah,term,running python machine learning models using flask
blah,blah,term,chrome
blah,blah,term,what is chrome
blah,blah,term,life alive harvard square
blah,blah,term,firehose mit
blah,blah,term,mit economics of energyC innovation and sustainability
blah,blah,term,economics of energyC innovation and sustainability
blah,blah,term,weahter
blah,blah,term,nltk omw not found
blah,blah,term,weather
blah,blah,term,How to listen for url change with Chrome Extension
blah,blah,term,just add this to your background js onupdated stack overflow
blah,blah,term,just add this to your background js onupdated oncreated stack overflow
blah,blah,term,how to repeatedly run background page manifest v
blah,blah,term,service worker manifest v
blah,blah,term,manifest service worker
blah,blah,term,manifest v background persistent
blah,blah,term,make js script persistent attribute
blah,blah,term,make js script persistent
blah,blah,term,raku nyc
blah,blah,term,weather
blah,blah,term,how to set up flask server to run python models
blah,blah,term,engsci 
blah,blah,term,imc trading
blah,blah,term,vmm market making
blah,blah,term,is d a language or tool
blah,blah,term,databricks summer  internship
blah,blah,term,hardest internships tech 
blah,blah,term,databricks internship reddit
blah,blah,term,davis wpi linkedin waymo
blah,blah,term,prajna waymo linkedin
blah,blah,term,waymo summer  internship
blah,blah,term,applied intuition internship reddit
blah,blah,term,automatic printing at every loaded website chrome extension
blah,blah,term,save as pdf printing popping up after chrome extension
blah,blah,term,save as pdf popping up after chrome extension
blah,blah,term,save as pdf showing after chrome extension
blah,blah,term,how to build a  house
blah,blah,term,how to build a bed
blah,blah,term,how to build a tree
blah,blah,term,how to build a house
blah,blah,term,how to build a fort
blah,blah,term,ipip install flask
blah,blah,term,how to quit file python in middle
blah,blah,term,how to end file python
blah,blah,term,professor danielle allen
blah,blah,term,The email address used for the commits is associated with your account on GitHubcom
blah,blah,term,github activity not showing up on personal profile
blah,blah,term,warp
blah,blah,term,infection in finger after cactus
blah,blah,term,infection in finger after cactus
blah,blah,term,infection in finger after cactus
blah,blah,term,infection in finger
blah,blah,term,infection in finger
blah,blah,term,infection in finger
blah,blah,term,python load file
blah,blah,term,python load file
blah,blah,term,brooklyn tea house menu
blah,blah,term,brooklynteahouse
blah,blah,term,brooklynteahouse
blah,blah,term,brooklyn tea house
blah,blah,term,brooklynteahouse
blah,blah,term,brooklynteahouse
blah,blah,term,brooklyn tea house
blah,blah,term,d network graph bubble floating out of frame
blah,blah,term,d network graph
blah,blah,term,how to deploy python model to html
blah,blah,term,how to dynamically adjust frame d
blah,blah,term,install sentencetransformers pip
blah,blah,term,how to see what i installed using conda and pip
blah,blah,term,import pytorch
blah,blah,term,sentencetransformer Segmentation faultA 
blah,blah,term,sentencetransformer There appear to be  leaked semaphore objects to clean up at shutdown warningswarnresourcetrackerA There appear to be d 
blah,blah,term,There appear to be  leaked semaphore objects to clean up at shutdown warningswarnresourcetrackerA There appear to be d 
blah,blah,term,the little beet
blah,blah,term,healthy snacks
blah,blah,term,pale green
blah,blah,term,pistachio color
blah,blah,term,pistachio green
blah,blah,term,segmentation fault  sentencetransformer
blah,blah,term,segmentation fault 
blah,blah,term,remove numbers using re package
blah,blah,term,Error A Initializing libiompdylibC but found libompdylib already initialized OMPA Hint This means that multiple copies of the OpenMP runtime have been linked into the program T
blah,blah,term,solidcore boston
blah,blah,term,math a linear algebra
blah,blah,term,snowflake
blah,blah,term,CC
blah,blah,term,create set with one elemnt python
blah,blah,term,mokyo menu
blah,blah,term,burnished
blah,blah,term,osta boston
blah,blah,term,osta
blah,blah,term,check boxes in google sheets
blah,blah,term,paf stipend harvard
blah,blah,term,mickens v taylor
blah,blah,term,Siobhan GreatorexVoith
blah,blah,term,brooklyn kolache
blah,blah,term,leti it all out lyrics coin
blah,blah,term,dont wake me up lyrics by jonas blue
blah,blah,term,stonefruit brooklyn
blah,blah,term,stonefruit
blah,blah,term,rakunyc
blah,blah,term,rakunyc
blah,blah,term,rakunyc
blah,blah,term,raku nyc
blah,blah,term,turn on developer mode for extension
blah,blah,term,find nubmer unique values list python
blah,blah,term,rakunyc
blah,blah,term,rakunyc
blah,blah,term,raku nyc
blah,blah,term,rakuten
blah,blah,term,remove empty strings from list python
blah,blah,term,remove first item from list python
blah,blah,term,navidphotography
blah,blah,term,lily pad icon
blah,blah,term,lily pad icon
blah,blah,term,lily icon
blah,blah,term,lily icon
blah,blah,term,patrice helmar harvard
blah,blah,term,nltk strip numbers
blah,blah,term,The kernel appears to have died It will restart automatically
blah,blah,term,how to test chrome extension locally
blah,blah,term,chrome extension new tab template github
blah,blah,term,chrome extension new tab template
blah,blah,term,rezdora
blah,blah,term,air tag
blah,blah,term,where does chrome history live on desktop
blah,blah,term,palace sam smith lyrics
blah,blah,term,resize dimensions after d zoom in 
blah,blah,term,keep svg width and height same after zoom d
blah,blah,term,keep svg width and height same after zoom
blah,blah,term,how to adjust svg width and height to zoom
blah,blah,term,svg width and height to fit to computer
blah,blah,term,djson
blah,blah,term,d visualization keeps on zooming in when dragging nodes
blah,blah,term,djson zoom
blah,blah,term,add zoom to existing d visualization
blah,blah,term,link two commands together terminal
blah,blah,term,simulation alphatarget
blah,blah,term,enable zooming d
blah,blah,term,d drag handler keeps on zooming in
blah,blah,term,d visualization zooming in when dragging nodes
blah,blah,term,harvard double major
blah,blah,term,cs ab sm requirements
blah,blah,term,do geneds fulfill distribution requirements harvard
blah,blah,term, quincy st brooklyn ny 
blah,blah,term, quincy st brooklyn ny 
blah,blah,term,susa ventures
blah,blah,term,can two people work on google colab at the same time
blah,blah,term,lease see httpsAFFdocsgithubcomFenFgetstartedFgettingstartedwithgitFaboutremoterepositoriescloningwithhttpsurls
blah,blah,term,docvec
blah,blah,term,sort dictionary by values descending python
blah,blah,term,sort dictionary by values descending python
blah,blah,term,sort dictionary by values
blah,blah,term,convert list to dictionary python
blah,blah,term,import plt
blah,blah,term,gensim example
blah,blah,term,clustering phrases python
blah,blah,term,group phrases into clusters
blah,blah,term,downunderyogacambridge
blah,blah,term,downunderyogacambridge
blah,blah,term,downunderyogacambridge
blah,blah,term,downunderyogacambridge
blah,blah,term,down under yoga cambridge
blah,blah,term,embedding phrases python
blah,blah,term,wordvec for phrases python
blah,blah,term,google apm internship timeline
blah,blah,term,wordvec python topic
