blah,blah,term,running python machine learning models using flask
blah,blah,term,chrome
blah,blah,term,what is chrome
blah,blah,term,life alive harvard square
blah,blah,term,firehose mit
blah,blah,term,mit economics of energyC innovation and sustainability
blah,blah,term,economics of energyC innovation and sustainability
blah,blah,term,weahter
blah,blah,term,nltk omw not found
blah,blah,term,weather
blah,blah,term,How to listen for url change with Chrome Extension
blah,blah,term,just add this to your background js onupdated stack overflow
blah,blah,term,just add this to your background js onupdated oncreated stack overflow
blah,blah,term,how to repeatedly run background page manifest v
blah,blah,term,service worker manifest v
blah,blah,term,manifest service worker
blah,blah,term,manifest v background persistent
blah,blah,term,make js script persistent attribute
blah,blah,term,make js script persistent
blah,blah,term,raku nyc
blah,blah,term,weather
blah,blah,term,how to set up flask server to run python models
blah,blah,term,engsci 
blah,blah,term,imc trading
blah,blah,term,vmm market making
blah,blah,term,is d a language or tool
blah,blah,term,databricks summer  internship
blah,blah,term,hardest internships tech 
blah,blah,term,databricks internship reddit
blah,blah,term,davis wpi linkedin waymo
blah,blah,term,prajna waymo linkedin
blah,blah,term,waymo summer  internship
blah,blah,term,applied intuition internship reddit
blah,blah,term,automatic printing at every loaded website chrome extension
blah,blah,term,save as pdf printing popping up after chrome extension
blah,blah,term,save as pdf popping up after chrome extension
blah,blah,term,save as pdf showing after chrome extension
blah,blah,term,how to build a  house
blah,blah,term,how to build a bed
blah,blah,term,how to build a tree
blah,blah,term,how to build a house
blah,blah,term,how to build a fort
blah,blah,term,ipip install flask
