keyword_id,url_id,term,normalized_term
2,60141,avocado ice cream keto,avocado ice cream keto
2,328256,pleasure island lyrics,pleasure island lyrics
2,328323,tao chicago rehab,tao chicago rehab
2,328363,how to run python file,how to run python file
2,328365,how to run python script,how to run python script
2,328366,remove item from list python,remove item from list python
2,328368,python list pop,python list pop
2,328373,range python backwards,range python backwards
2,328378,springfield virginia,springfield virginia
2,328448,emes,emes
2,328450,imagen google,imagen google
2,328452,copilot gpt3,copilot gpt3
2,328458,adept ai,adept ai
2,328461,nuro,nuro
2,328462,nuro,nuro
2,328463,nuro,nuro
2,328464,nuro,nuro
2,328465,nuro,nuro
2,328466,nuro,nuro
2,328467,nuro,nuro
2,328468,nuro,nuro
2,328469,yi ma,yi ma
2,328470,self esteem,self esteem
2,328475,when are snowglobe tickets out,when are snowglobe tickets out
2,328477,epsilon greedy,epsilon greedy
2,328479,annealing,annealing
2,328480,simulated annealing,simulated annealing
2,328481,harvard cs allied requirements,harvard cs allied requirements
2,328490,celtics,celtics
2,328491,arabidopsis,arabidopsis
2,328492,arabidopsis thaliana,arabidopsis thaliana
2,328493,tardigrade,tardigrade
2,328494,tardigrade,tardigrade
2,328495,amoeba,amoeba
2,328496,amoeba,amoeba
2,328497,amoeba,amoeba
2,328498,strict constructionist,strict constructionist
2,328499,loose constructionist,loose constructionist
2,328507,ibid,ibid
2,328536,in response to synonym,in response to synonym
2,328540,what does it mean to motorboat someone,what does it mean to motorboat someone
2,328550,scott kister,scott kister
2,328557,joe garcia,joe garcia
2,328562,gofundme uvalde victims,gofundme uvalde victims
2,328591,Next Generation Sequencing Research Scientist at Biotia,next generation sequencing research scientist at biotia
2,328592,xavier serrano,xavier serrano
2,328593,xavier serrano biotia,xavier serrano biotia
2,328594,xavier serrano linkedin,xavier serrano linkedin
2,328673,black tshirt dress,black tshirt dress
2,328681,brooklyn mirage above and beyond,brooklyn mirage above and beyond
2,328687,above and beyond august 21 brooklyn mirage,above and beyond august 21 brooklyn mirage
2,328706,quince sale,quince sale
2,328730,august birthstone,august birthstone
41,328757,"Augusta+Dr,+Springfield,+VA/@37.2691745,-119.306607,6z","augusta+dr,+springfield,+va/@37.2691745,-119.306607,6z"
2,328804,"m,a","m,a"
2,328825,shishir mehotra,shishir mehotra
2,328922,weather,weather
2,328923,sunset san juan summer,sunset san juan summer
2,328924,sunset san juan august,sunset san juan august
2,328929,best bikinis for larg bust,best bikinis for larg bust
2,328940,vince,vince
2,328943,bar necklace,bar necklace
2,328944,bar necklace,bar necklace
2,328945,peridot necklace,peridot necklace
2,328946,peridot necklace 14k,peridot necklace 14k
2,328947,peridot necklace 14k,peridot necklace 14k
2,328977,how to show stories venmo,how to show stories venmo
2,328978,personal burn rate,personal burn rate
2,328979,what does burn rate mean,what does burn rate mean
2,328981,liang pi,liang pi
2,328982,liang pi,liang pi
2,328983,liang pi,liang pi
2,328984,liang pi,liang pi
2,328985,liang pi,liang pi
2,328986,liang pi,liang pi
2,328987,liang pi,liang pi
41,329085,"korean+restaurant/@37.3341567,-122.0335885,14.69z","korean+restaurant/@37.3341567,-122.0335885,14.69z"
41,329086,"korean+restaurant/@37.3341979,-122.0335885,14z/data=!3m1!4b1","korean+restaurant/@37.3341979,-122.0335885,14z/data=!3m1!4b1"
41,329087,"korean+restaurant/@37.3342104,-122.0399601,13.57z","korean+restaurant/@37.3342104,-122.0399601,13.57z"
41,329116,"korean+restaurant/@37.3056742,-122.0402334,15.85z","korean+restaurant/@37.3056742,-122.0402334,15.85z"
41,329137,"korean+restaurant/@37.295108,-122.1012401,12.81z","korean+restaurant/@37.295108,-122.1012401,12.81z"
41,329138,"korean+restaurant/@37.3170022,-122.0401639,14.69z","korean+restaurant/@37.3170022,-122.0401639,14.69z"
41,329139,"korean+restaurant/@37.3170473,-122.040038,14.7z","korean+restaurant/@37.3170473,-122.040038,14.7z"
41,329140,"korean+restaurant/@37.3674015,-122.267592,11.14z","korean+restaurant/@37.3674015,-122.267592,11.14z"
41,329141,"korean+restaurant/@37.4264651,-122.3856702,11.14z","korean+restaurant/@37.4264651,-122.3856702,11.14z"
41,329142,"Boba+Guys/@37.4264651,-122.3856702,11.14z","boba+guys/@37.4264651,-122.3856702,11.14z"
41,329143,"Boba+Guys/@37.4268245,-122.3856707,11z/data=!3m1!4b1","boba+guys/@37.4268245,-122.3856707,11z/data=!3m1!4b1"
2,329191,seattle weather,seattle weather
2,329192,seattle club hotel,seattle club hotel
2,329193,bellevue club hotel,bellevue club hotel
2,329194,bellevue club hotel,bellevue club hotel
2,329195,bellevue club hotel,bellevue club hotel
2,329196,bellevue club hotel,bellevue club hotel
2,329197,bellevue club hotel,bellevue club hotel
2,329198,bellevue club hotel,bellevue club hotel
2,329199,bellevue club hotel,bellevue club hotel
2,329200,bellevue club hotel,bellevue club hotel
2,329201,bellevue club hotel,bellevue club hotel
2,329202,bellevue club hotel,bellevue club hotel
2,329203,bellevue club hotel,bellevue club hotel
2,329204,bellevue club hotel,bellevue club hotel
2,329205,bellevue club hotel,bellevue club hotel
2,329206,bellevue club hotel,bellevue club hotel
2,329207,bellevue club hotel,bellevue club hotel
2,329208,bellevue club hotel,bellevue club hotel
2,329209,bellevue club hotel,bellevue club hotel
2,329210,bellevue club hotel,bellevue club hotel
2,329211,bellevue club hotel,bellevue club hotel
2,329212,bellevue club hotel,bellevue club hotel
2,329213,bellevue club hotel gym,bellevue club hotel gym
2,329214,bellevue club hotel gym,bellevue club hotel gym
2,329215,rapid covid test,rapid covid test
2,329216,rapid covid test,rapid covid test
2,329217,rapid covid test,rapid covid test
2,329273,birdbox,birdbox
2,329274,celtics,celtics
2,329275,celtics vs heat,celtics vs heat
2,329276,springfield illinois,springfield illinois
2,329277,springfield illinois,springfield illinois
2,329278,springfield illinois,springfield illinois
2,329279,alignment problem,alignment problem
2,329280,egg spaghetti new york times,egg spaghetti new york times
41,329424,"north+cascades+national+park+map/@48.012265,-120.5816481,17z","north+cascades+national+park+map/@48.012265,-120.5816481,17z"
41,329431,"Snohomish+County/@48.0161329,-123.9825882,8z","snohomish+county/@48.0161329,-123.9825882,8z"
2,329566,3pm cst to pst,3pm cst to pst
2,329582,illegal life hacks reddit,illegal life hacks reddit
2,329636,driving tips for not getting pulled over reddit,driving tips for not getting pulled over reddit
2,329640,brake lights,brake lights
2,329671,dingy,dingy
2,329674,maa,maa
2,329682,kite runner goodreads,kite runner goodreads
2,329683,the fountainhead goodreads,the fountainhead goodreads
2,329684,atlas shrugged goodreads,atlas shrugged goodreads
2,329685,when breath becomes air goodreads,when breath becomes air goodreads
2,329686,educated goodreads,educated goodreads
2,329687,sapiens goodreads,sapiens goodreads
2,329688,Tuesdays with Morrie goodreads,tuesdays with morrie goodreads
2,329689,the book thief goodreads,the book thief goodreads
2,329690,all the light we cannot see goodreads,all the light we cannot see goodreads
2,329691,shoe dog goodreads,shoe dog goodreads
2,329739,c/o in mailing address,c/o in mailing address
2,329760,MITxHarvard Women in AI,mitxharvard women in ai
2,329804,cuco,cuco
2,329822,ultima genomics,ultima genomics
2,329824,illumina,illumina
2,329831,Elli Papaemmanuil,elli papaemmanuil
2,329837,things to do in seattle,things to do in seattle
41,329930,"boba/@47.6326198,-122.3485479,15.01z","boba/@47.6326198,-122.3485479,15.01z"
41,329931,"boba/@47.6326478,-122.3485479,15z/data=!3m1!4b1","boba/@47.6326478,-122.3485479,15z/data=!3m1!4b1"
41,329932,"boba/@47.6268925,-122.36168,15z","boba/@47.6268925,-122.36168,15z"
41,329933,"boba/@47.623248,-122.3534832,15z","boba/@47.623248,-122.3534832,15z"
41,329934,"boba/@47.6170288,-122.3463592,15z","boba/@47.6170288,-122.3463592,15z"
41,329935,"boba/@47.6181281,-122.3314247,15z","boba/@47.6181281,-122.3314247,15z"
41,329936,"boba/@47.6202687,-122.3259744,15z","boba/@47.6202687,-122.3259744,15z"
41,329937,"boba/@47.6085231,-122.3257169,15z","boba/@47.6085231,-122.3257169,15z"
41,329938,"boba/@47.6017906,-122.3539035,12.8z","boba/@47.6017906,-122.3539035,12.8z"
41,329939,"boba/@47.6019784,-122.3531173,12.83z","boba/@47.6019784,-122.3531173,12.83z"
41,329940,"boba/@47.6100046,-122.3273995,14.86z","boba/@47.6100046,-122.3273995,14.86z"
41,329941,"boba/@47.609895,-122.3277635,14.82z","boba/@47.609895,-122.3277635,14.82z"
41,329951,"boba/@47.5996526,-122.2305934,13.81z","boba/@47.5996526,-122.2305934,13.81z"
41,329955,"boba/@47.6581301,-122.3308702,15z","boba/@47.6581301,-122.3308702,15z"
41,329956,"boba+bellevue/@47.6326478,-122.3485479,15z","boba+bellevue/@47.6326478,-122.3485479,15z"
41,329957,"boba+bellevue/@47.6327563,-122.4098332,12z/data=!3m1!4b1","boba+bellevue/@47.6327563,-122.4098332,12z/data=!3m1!4b1"
41,329958,"boba+bellevue/@47.6297486,-122.1609242,12z","boba+bellevue/@47.6297486,-122.1609242,12z"
41,329959,"boba+bellevue/@47.6179134,-122.2041632,14.46z","boba+bellevue/@47.6179134,-122.2041632,14.46z"
41,329960,"boba+bellevue/@47.615217,-122.2117884,14.46z","boba+bellevue/@47.615217,-122.2117884,14.46z"
41,329961,"boba+bellevue/@47.5956569,-122.2778196,12.14z","boba+bellevue/@47.5956569,-122.2778196,12.14z"
41,329962,"boba+bellevue/@47.5969983,-122.2733648,12.22z","boba+bellevue/@47.5969983,-122.2733648,12.22z"
2,329972,chihuly garden and glass,chihuly garden and glass
2,329973,chihuly garden and glass,chihuly garden and glass
41,329979,"cascades+national+park/@47.6136594,-122.2069247,11.33z","cascades+national+park/@47.6136594,-122.2069247,11.33z"
41,329980,"cascades+national+park/@47.6101802,-123.2166844,8z/data=!3m1!4b1","cascades+national+park/@47.6101802,-123.2166844,8z/data=!3m1!4b1"
41,329981,"cascades+national+park/@48.2105982,-122.9199263,8z","cascades+national+park/@48.2105982,-122.9199263,8z"
41,330145,"purple+pig+chicago/@47.6047542,-122.187162,13z","purple+pig+chicago/@47.6047542,-122.187162,13z"
41,330162,"Pequod's+Pizza/@41.8787225,-87.6383094,17.44z/data=!3m1!5s0x880e2cbeb38023c1:0x7778d69a9e548b77","pequod's+pizza/@41.8787225,-87.6383094,17.44z/data=!3m1!5s0x880e2cbeb38023c1:0x7778d69a9e548b77"
41,330170,"Pequod's+Pizza/@41.9219187,-87.6663868,17.26z","pequod's+pizza/@41.9219187,-87.6663868,17.26z"
41,330188,"jenis/@41.8841279,-87.6491903,17z","jenis/@41.8841279,-87.6491903,17z"
41,330189,"jenis/@41.8841905,-87.6820212,13z/data=!3m1!4b1","jenis/@41.8841905,-87.6820212,13z/data=!3m1!4b1"
41,330190,"jenis/@41.884178,-87.6883151,12.73z","jenis/@41.884178,-87.6883151,12.73z"
41,330191,"jenis/@41.8842485,-87.6526098,17.38z","jenis/@41.8842485,-87.6526098,17.38z"
41,330206,"jenis/@41.8846584,-87.6535903,17z","jenis/@41.8846584,-87.6535903,17z"
41,330207,"jenis/@41.8840176,-87.6514903,18.58z","jenis/@41.8840176,-87.6514903,18.58z"
41,330208,"jenis/@41.883481,-87.6515011,18.58z","jenis/@41.883481,-87.6515011,18.58z"
41,330209,"jenis/@41.8837307,-87.6522746,17.45z","jenis/@41.8837307,-87.6522746,17.45z"
41,330217,"jenis/@41.8848488,-87.6539159,17.93z","jenis/@41.8848488,-87.6539159,17.93z"
41,330218,"jenis/@41.8803833,-87.6521639,15.14z","jenis/@41.8803833,-87.6521639,15.14z"
41,330219,"jenis/@41.8798423,-87.6479186,16.1z","jenis/@41.8798423,-87.6479186,16.1z"
41,330220,"jenis/@41.8798455,-87.6479438,16.09z","jenis/@41.8798455,-87.6479438,16.09z"
41,330221,"jenis/@41.8799244,-87.6485627,15.9z","jenis/@41.8799244,-87.6485627,15.9z"
41,330222,"jenis/@41.8796194,-87.6461689,16.8z","jenis/@41.8796194,-87.6461689,16.8z"
41,330223,"jenis/@41.8798484,-87.6479665,16.08z","jenis/@41.8798484,-87.6479665,16.08z"
41,330224,"jenis/@41.8821459,-87.6489004,16.08z","jenis/@41.8821459,-87.6489004,16.08z"
41,330225,"jenis/@41.882007,-87.649163,17.73z","jenis/@41.882007,-87.649163,17.73z"
41,330231,"grocery+west+loop/@41.8826118,-87.6523444,17.13z","grocery+west+loop/@41.8826118,-87.6523444,17.13z"
41,330232,"grocery+west+loop/@41.8826191,-87.6523444,17z/data=!3m1!4b1","grocery+west+loop/@41.8826191,-87.6523444,17z/data=!3m1!4b1"
41,330233,"grocery+west+loop/@41.8836725,-87.6506901,19.2z","grocery+west+loop/@41.8836725,-87.6506901,19.2z"
41,330234,"grocery+west+loop/@41.8836653,-87.6510573,18.49z","grocery+west+loop/@41.8836653,-87.6510573,18.49z"
41,330235,"grocery+west+loop/@41.8833031,-87.6504696,19.66z","grocery+west+loop/@41.8833031,-87.6504696,19.66z"
41,330236,"grocery+west+loop/@41.8835436,-87.6508599,18.79z","grocery+west+loop/@41.8835436,-87.6508599,18.79z"
41,330237,"grocery+west+loop/@41.8837569,-87.6512058,18.3z","grocery+west+loop/@41.8837569,-87.6512058,18.3z"
2,330315,celtics,celtics
2,330321,derrick white,derrick white
2,330322,derrick white age,derrick white age
2,330323,derrick white wife,derrick white wife
2,330324,derrick white wife,derrick white wife
2,330325,derrick white wife,derrick white wife
2,330328,derrick white wife,derrick white wife
2,330329,derrick white wife,derrick white wife
2,330330,derrick white wife,derrick white wife
2,330331,derrick white wife,derrick white wife
2,330332,derrick white wife,derrick white wife
2,330333,derrick white wife,derrick white wife
2,330334,derrick white wife,derrick white wife
2,330335,derrick white wife,derrick white wife
2,330336,derrick white wife,derrick white wife
2,330337,derrick white wife,derrick white wife
2,330338,derrick white wife,derrick white wife
2,330339,derrick white wife,derrick white wife
2,330340,derrick white wife,derrick white wife
2,330341,derrick white wife,derrick white wife
2,330342,derrick white wife,derrick white wife
2,330343,derrick white and hannah schneider,derrick white and hannah schneider
2,330345,how did derrick white and hannah schneider meet,how did derrick white and hannah schneider meet
2,330349,derrick white college,derrick white college
2,330351,have the celtics ever played in the finals,have the celtics ever played in the finals
2,330352,last time celtics were in the finals,last time celtics were in the finals
2,330355,"etta, bucktown","etta, bucktown"
2,330356,supper club rpm,supper club rpm
2,330357,supper club rpm chciago,supper club rpm chciago
2,330358,rpm chicago,rpm chicago
2,330418,",",","
344,330421,summer shoes,summer shoes
2,330425,flights philadelphia to chicago,flights philadelphia to chicago
2,330486,gerard piqué,gerard piqué
2,330531,hoop necklace gold,hoop necklace gold
2,330532,eternity necklace gold,eternity necklace gold
2,330533,eternity necklace gold,eternity necklace gold
2,330710,alaska airlines check in,alaska airlines check in
2,330736,imagen vs dall e 2,imagen vs dall e 2
2,330748,when was imagen published,when was imagen published
2,330749,imagen google,imagen google
2,330750,imagen new york times,imagen new york times
2,330754,acceptable i9 documents,acceptable i9 documents
22,330786,steph and ayesha curry,steph and ayesha curry
2,330789,sydel and damion,sydel and damion
2,330790,sydel and damion,sydel and damion
2,330791,sydel and damion,sydel and damion
2,330792,sydel and damion,sydel and damion
2,330793,sydel and damion,sydel and damion
2,330794,sydel and damion,sydel and damion
2,330795,sydel and damion,sydel and damion
2,330796,sydel and damion,sydel and damion
2,330797,sydel and damion,sydel and damion
2,330798,sydel and damion,sydel and damion
41,330857,"copley+boston/@41.8857156,-87.6482378,15z","copley+boston/@41.8857156,-87.6482378,15z"
41,330858,"copley+boston/@42.3480914,-71.0792224,17z/data=!3m1!4b1","copley+boston/@42.3480914,-71.0792224,17z/data=!3m1!4b1"
41,330859,"copley+boston/@42.3493794,-71.1006714,13.93z","copley+boston/@42.3493794,-71.1006714,13.93z"
41,330860,"copley+boston/@42.3488036,-71.0803486,15.77z","copley+boston/@42.3488036,-71.0803486,15.77z"
41,330861,"copley+boston/@42.3528399,-71.1587147,12.07z","copley+boston/@42.3528399,-71.1587147,12.07z"
41,330862,"copley+boston/@42.3489767,-71.0838164,15.16z","copley+boston/@42.3489767,-71.0838164,15.16z"
41,330885,"symphony+green+line/@42.3423022,-71.1043282,14.67z","symphony+green+line/@42.3423022,-71.1043282,14.67z"
2,330920,summer smash 2022,summer smash 2022
2,330924,wok hay,wok hay
2,330943,al bawadi,al bawadi
2,330944,al bawadi,al bawadi
2,330945,al bawadi,al bawadi
2,330946,summer smash reddit,summer smash reddit
2,330948,orso's chicago,orso's chicago
2,330949,orso's chicago,orso's chicago
2,330950,protein bar and kitchen,protein bar and kitchen
2,330951,protein bar and kitchen,protein bar and kitchen
2,330952,protein bar and kitchen,protein bar and kitchen
2,330961,summer smash location,summer smash location
2,330976,is douglass park chicago safe,is douglass park chicago safe
2,330981,is douglass park chicago safe reddit,is douglass park chicago safe reddit
2,330985,douglass park safe reddit summer smash,douglass park safe reddit summer smash
2,330993,grant park concerts 2022 summer,grant park concerts 2022 summer
2,330996,taste of chicago june 11,taste of chicago june 11
2,331006,chicago west side reddit,chicago west side reddit
2,331009,summer smash times,summer smash times
2,331010,summer smash times reddit,summer smash times reddit
2,331012,pride in the park chicago chainsmokers,pride in the park chicago chainsmokers
2,331013,pride in the park chicago chainsmokers reddit,pride in the park chicago chainsmokers reddit
2,331020,tao chicago steve aoki,tao chicago steve aoki
2,331029,tao chicago reddit,tao chicago reddit
2,331033,what does dress the part mean,what does dress the part mean
2,331038,tao chicago reddit,tao chicago reddit
2,331039,tao chicago reddit fake,tao chicago reddit fake
2,331041,tao chicago reddit fake id,tao chicago reddit fake id
41,331042,"lincoln+park/@41.8857156,-87.6482378,15z","lincoln+park/@41.8857156,-87.6482378,15z"
2,331048,what does cash cover mean at a club,what does cash cover mean at a club
2,331055,north coast festival 2022,north coast festival 2022
2,331062,wrigleyville,wrigleyville
2,331101,jeni's sunshine ice cream,jeni's sunshine ice cream
41,331115,"soulcycle+chicago/@41.8857156,-87.6482378,15z","soulcycle+chicago/@41.8857156,-87.6482378,15z"
41,331116,"soulcycle+chicago/@41.8857897,-87.6746098,13z/data=!3m1!4b1","soulcycle+chicago/@41.8857897,-87.6746098,13z/data=!3m1!4b1"
41,331128,"soulcycle+chicago/@41.8857791,-87.6746098,13z/data=!3m1!4b1","soulcycle+chicago/@41.8857791,-87.6746098,13z/data=!3m1!4b1"
2,331130,freedom massage therapy chicago,freedom massage therapy chicago
2,331148,weather,weather
41,331149,"soulcycle/@41.8857897,-87.6746098,13z/data=!3m1!4b1","soulcycle/@41.8857897,-87.6746098,13z/data=!3m1!4b1"
41,331150,"soulcycle/@41.8827924,-87.6493707,14.2z","soulcycle/@41.8827924,-87.6493707,14.2z"
41,331151,"soulcycle/@41.8810525,-87.6377349,15.46z","soulcycle/@41.8810525,-87.6377349,15.46z"
41,331152,"soulcycle/@41.8816706,-87.6399469,15.09z","soulcycle/@41.8816706,-87.6399469,15.09z"
41,331153,"soulcycle/@41.8826026,-87.6399469,15.09z","soulcycle/@41.8826026,-87.6399469,15.09z"
2,331172,soulcycle unlimited starter,soulcycle unlimited starter
2,331173,soulcycle unlimited starter reddit,soulcycle unlimited starter reddit
2,331174,soulcycle unlimited starter 99 reddit,soulcycle unlimited starter 99 reddit
2,331175,barry's bootcamp membership chicago,barry's bootcamp membership chicago
41,331176,"Barry's+Bootcamp/@41.8857156,-87.6482378,15z","barry's+bootcamp/@41.8857156,-87.6482378,15z"
41,331177,"Barry's+Bootcamp/@41.8857897,-87.6746098,13z/data=!3m1!4b1","barry's+bootcamp/@41.8857897,-87.6746098,13z/data=!3m1!4b1"
41,331178,"Barry's+Bootcamp/@41.8826665,-87.6681699,14.68z","barry's+bootcamp/@41.8826665,-87.6681699,14.68z"
41,331179,"Barry's+Bootcamp/@41.8826665,-87.6627138,14.68z","barry's+bootcamp/@41.8826665,-87.6627138,14.68z"
41,331180,"Barry's+Bootcamp/@41.8812973,-87.655378,16.46z","barry's+bootcamp/@41.8812973,-87.655378,16.46z"
41,331181,"Barry's+Bootcamp/@41.8815407,-87.6543697,17.3z","barry's+bootcamp/@41.8815407,-87.6543697,17.3z"
41,331182,"Barry's+Bootcamp/@41.8817658,-87.6529498,18.19z","barry's+bootcamp/@41.8817658,-87.6529498,18.19z"
41,331204,"Barry's+Bootcamp/@41.8819069,-87.6522855,19.65z","barry's+bootcamp/@41.8819069,-87.6522855,19.65z"
41,331205,"Barry's+Bootcamp/@41.8820848,-87.6516097,19.65z","barry's+bootcamp/@41.8820848,-87.6516097,19.65z"
41,331206,"Barry's+Bootcamp/@41.882085,-87.6516437,19.24z","barry's+bootcamp/@41.882085,-87.6516437,19.24z"
41,331207,"Barry's+Bootcamp/@41.8820858,-87.6517729,18.27z","barry's+bootcamp/@41.8820858,-87.6517729,18.27z"
41,331208,"Barry's+Bootcamp/@41.8824982,-87.6525513,17.38z","barry's+bootcamp/@41.8824982,-87.6525513,17.38z"
41,331224,"Sawada/@41.8820466,-87.6557471,17.78z","sawada/@41.8820466,-87.6557471,17.78z"
41,331228,"Heritage+Bikes+and+Coffee+/@41.8832277,-87.6490218,18.65z","heritage+bikes+and+coffee+/@41.8832277,-87.6490218,18.65z"
41,331229,"Heritage+Bikes+and+Coffee+/@41.9104392,-87.6949182,13z/data=!3m1!4b1","heritage+bikes+and+coffee+/@41.9104392,-87.6949182,13z/data=!3m1!4b1"
41,331244,"Good+Ambler/@41.8868848,-87.6551102,16.53z","good+ambler/@41.8868848,-87.6551102,16.53z"
41,331248,"groundswell+Coffee+Roasters+/@41.8862724,-87.6523973,17z","groundswell+coffee+roasters+/@41.8862724,-87.6523973,17z"
41,331249,"groundswell+Coffee+Roasters+/@41.8863829,-87.7202488,12z/data=!3m1!4b1","groundswell+coffee+roasters+/@41.8863829,-87.7202488,12z/data=!3m1!4b1"
41,331259,"plant/@41.9699812,-87.8107484,12z","plant/@41.9699812,-87.8107484,12z"
41,331260,"plant/@41.9701939,-87.8107486,12z/data=!3m1!4b1","plant/@41.9701939,-87.8107486,12z/data=!3m1!4b1"
41,331261,"plant/@41.9359801,-87.7139316,12z","plant/@41.9359801,-87.7139316,12z"
41,331262,"plant/@41.8999519,-87.6769869,13.83z","plant/@41.8999519,-87.6769869,13.83z"
41,331263,"plant/@41.8836501,-87.6611926,13.83z","plant/@41.8836501,-87.6611926,13.83z"
41,331264,"plant/@41.8828934,-87.6540416,15.99z","plant/@41.8828934,-87.6540416,15.99z"
41,331268,"plant/@41.8846151,-87.6606494,16z","plant/@41.8846151,-87.6606494,16z"
41,331269,"plant/@41.8846536,-87.6737817,14z/data=!3m1!4b1","plant/@41.8846536,-87.6737817,14z/data=!3m1!4b1"
41,331270,"plant/@41.8822409,-87.6551494,16.17z","plant/@41.8822409,-87.6551494,16.17z"
41,331271,"plant/@41.8834037,-87.6511496,16.17z","plant/@41.8834037,-87.6511496,16.17z"
41,331274,"plant/@41.8848417,-87.6542054,16z","plant/@41.8848417,-87.6542054,16z"
41,331275,"plant/@41.8815201,-87.6611912,16.13z","plant/@41.8815201,-87.6611912,16.13z"
41,331276,"plant/@41.8834427,-87.6542074,16.13z","plant/@41.8834427,-87.6542074,16.13z"
41,331277,"plant/@41.8843431,-87.6524255,17.16z","plant/@41.8843431,-87.6524255,17.16z"
41,331278,"plant/@41.8842137,-87.6526815,16.96z","plant/@41.8842137,-87.6526815,16.96z"
41,331279,"plant/@41.8835645,-87.6539509,16.96z","plant/@41.8835645,-87.6539509,16.96z"
41,331285,"plant/@41.8845549,-87.657975,16.38z","plant/@41.8845549,-87.657975,16.38z"
41,331286,"plant/@41.8841408,-87.6531667,18.1z","plant/@41.8841408,-87.6531667,18.1z"
41,331287,"plant/@41.8839663,-87.6532316,18.1z","plant/@41.8839663,-87.6532316,18.1z"
41,331288,"plant/@41.8838409,-87.6557007,16.85z","plant/@41.8838409,-87.6557007,16.85z"
41,331289,"plant/@41.8838585,-87.6534225,16.85z","plant/@41.8838585,-87.6534225,16.85z"
41,331290,"plant/@41.883593,-87.6572158,15.82z","plant/@41.883593,-87.6572158,15.82z"
41,331291,"plant/@41.8835987,-87.6571344,15.83z","plant/@41.8835987,-87.6571344,15.83z"
41,331292,"plant/@41.8827516,-87.655265,16.86z","plant/@41.8827516,-87.655265,16.86z"
41,331293,"plant/@41.8842913,-87.6546032,16.86z","plant/@41.8842913,-87.6546032,16.86z"
41,331299,"Kurimu/@41.8712925,-87.6593417,14.17z","kurimu/@41.8712925,-87.6593417,14.17z"
41,331328,"smyth/@41.8869269,-87.662587,17z/data=!3m1!5s0x880e2d28686eefab:0x38ac2692b16ebbb5","smyth/@41.8869269,-87.662587,17z/data=!3m1!5s0x880e2d28686eefab:0x38ac2692b16ebbb5"
41,331364,"mako/@41.8844672,-87.6630889,17z","mako/@41.8844672,-87.6630889,17z"
2,331394,weather,weather
41,331415,"avec/@41.8846303,-87.6497759,17z","avec/@41.8846303,-87.6497759,17z"
41,331464,"Open+Books+/@41.8819801,-87.6569309,17.25z","open+books+/@41.8819801,-87.6569309,17.25z"
41,331465,"Open+Books+/@41.882042,-87.6901063,13z/data=!3m1!4b1","open+books+/@41.882042,-87.6901063,13z/data=!3m1!4b1"
41,331480,"Independence+clothing/@41.9526414,-87.7259096,17z","independence+clothing/@41.9526414,-87.7259096,17z"
2,331492,pitchfork music festival 2022,pitchfork music festival 2022
2,331496,pitchfork music festival 2022 reddit,pitchfork music festival 2022 reddit
2,331516,heat wave festival chicago,heat wave festival chicago
2,331520,heatwave chicago reddit,heatwave chicago reddit
2,331532,claude vonstroke chicago radius,claude vonstroke chicago radius
41,331538,"cermak+hall/@41.8857156,-87.6482378,15z","cermak+hall/@41.8857156,-87.6482378,15z"
2,331546,radius-chi,radius-chi
2,331562,summer smash 2022,summer smash 2022
2,331563,summer smash 2022,summer smash 2022
2,331564,summer smash 2022,summer smash 2022
2,331565,aba chicago,aba chicago
2,331566,aba chicago,aba chicago
2,331574,aba chicago menu,aba chicago menu
2,331587,duck duck goat,duck duck goat
41,331613,"szechuan/@41.8865644,-87.6495833,17z","szechuan/@41.8865644,-87.6495833,17z"
41,331614,"szechuan/@41.886599,-87.6649042,14z/data=!3m1!4b1","szechuan/@41.886599,-87.6649042,14z/data=!3m1!4b1"
2,331656,concord chicago,concord chicago
2,331680,pequods pizza,pequods pizza
41,331681,"brunch/@41.8857156,-87.6482378,15z","brunch/@41.8857156,-87.6482378,15z"
41,331682,"brunch/@41.8857468,-87.6482378,15z/data=!3m1!4b1","brunch/@41.8857468,-87.6482378,15z/data=!3m1!4b1"
41,331683,"brunch/@41.8842238,-87.6483832,15.87z","brunch/@41.8842238,-87.6483832,15.87z"
41,331684,"brunch/@41.8827001,-87.6523823,15.87z","brunch/@41.8827001,-87.6523823,15.87z"
41,331685,"brunch/@41.8823504,-87.6529778,16.63z","brunch/@41.8823504,-87.6529778,16.63z"
41,331686,"brunch/@41.8831233,-87.6545971,16.63z","brunch/@41.8831233,-87.6545971,16.63z"
41,331711,"brunch/@41.8839121,-87.6490754,16z","brunch/@41.8839121,-87.6490754,16z"
41,331712,"brunch/@41.8854363,-87.6394703,17.16z","brunch/@41.8854363,-87.6394703,17.16z"
41,331713,"brunch/@41.8844665,-87.6419513,17.16z","brunch/@41.8844665,-87.6419513,17.16z"
41,331714,"brunch/@41.8843624,-87.6416402,17.93z","brunch/@41.8843624,-87.6416402,17.93z"
41,331723,"brunch/@41.8872348,-87.6384114,15.91z","brunch/@41.8872348,-87.6384114,15.91z"
41,331724,"brunch/@41.8825089,-87.6464224,14.33z","brunch/@41.8825089,-87.6464224,14.33z"
2,331730,pacifica flower moon jasmine peach vanilla,pacifica flower moon jasmine peach vanilla
2,331739,pulse points,pulse points
2,331740,pulse points,pulse points
2,331741,pulse points,pulse points
2,331742,pulse points,pulse points
2,331761,BEAUTY CREATIONS COSMETICS thickening mascara,beauty creations cosmetics thickening mascara
2,331769,plum candy melts vegan lip balm in melon bubble yum,plum candy melts vegan lip balm in melon bubble yum
2,331773,kosette salt facial scrub,kosette salt facial scrub
2,331775,dr lili fan probiotic xlash enhancer,dr lili fan probiotic xlash enhancer
2,331779,REFRESHMENTS Breezy Deodorant in Eucalyptus Julep,refreshments breezy deodorant in eucalyptus julep
2,331781,jelly mylk double cleanser,jelly mylk double cleanser
2,331785,ELEMAN BEAUTY Matte Liquid Lipstick in Miami,eleman beauty matte liquid lipstick in miami
2,331786,BELLE EN ARGENT Tinted Lip Balm in Main Character Mauve,belle en argent tinted lip balm in main character mauve
2,331789,FENTY BEAUTY Flypencil Longwear Pencil Eyeliner Duo in Cuz I'm Black & Bachelor Pad,fenty beauty flypencil longwear pencil eyeliner duo in cuz i'm black & bachelor pad
2,331793,babe lash brow serum + lash serum duo,babe lash brow serum + lash serum duo
2,331795,sophia + mabelle small + mighty extreme volume mascara in black,sophia + mabelle small + mighty extreme volume mascara in black
2,331797,unicorn glow long wear primer,unicorn glow long wear primer
2,331801,how to apply primer,how to apply primer
2,331802,REVEL NAIL Revel Mates Lacquer in Embrace,revel nail revel mates lacquer in embrace
2,331804,REVEL NAIL Revel Mates Lacquer in Embrace,revel nail revel mates lacquer in embrace
2,331805,REVEL NAIL Revel Mates Lacquer in Embrace,revel nail revel mates lacquer in embrace
2,331806,REVEL NAIL Revel Mates Lacquer in Embrace,revel nail revel mates lacquer in embrace
2,331807,REVEL NAIL Revel Mates Lacquer in Embrace,revel nail revel mates lacquer in embrace
2,331808,REVEL NAIL Revel Mates Lacquer in Embrace,revel nail revel mates lacquer in embrace
2,331809,REVEL NAIL Revel Mates Lacquer in Embrace,revel nail revel mates lacquer in embrace
2,331810,REVEL NAIL Revel Mates Lacquer in Embrace,revel nail revel mates lacquer in embrace
2,331811,REVEL NAIL Revel Mates Lacquer in Embrace,revel nail revel mates lacquer in embrace
2,331812,REVEL NAIL Revel Mates Lacquer in Embrace,revel nail revel mates lacquer in embrace
2,331813,REVEL NAIL Revel Mates Lacquer in Embrace,revel nail revel mates lacquer in embrace
2,331815,laneige water sleeping mask,laneige water sleeping mask
2,331826,everywhere belt bag,everywhere belt bag
2,331827,everywhere belt bag,everywhere belt bag
2,331828,everywhere belt bag,everywhere belt bag
2,331829,everywhere belt bag,everywhere belt bag
2,331830,everywhere belt bag,everywhere belt bag
2,331831,everywhere belt bag,everywhere belt bag
2,331832,everywhere belt bag,everywhere belt bag
2,331833,everywhere belt bag,everywhere belt bag
2,331834,everywhere belt bag,everywhere belt bag
2,331835,everywhere belt bag,everywhere belt bag
2,331836,everywhere belt bag,everywhere belt bag
2,331837,everywhere belt bag,everywhere belt bag
2,331838,everywhere belt bag,everywhere belt bag
2,331839,everywhere belt bag,everywhere belt bag
2,331840,everywhere belt bag,everywhere belt bag
2,331841,everywhere belt bag,everywhere belt bag
2,331842,everywhere belt bag,everywhere belt bag
2,331843,everywhere belt bag,everywhere belt bag
2,331844,everywhere belt bag,everywhere belt bag
2,331845,everywhere belt bag,everywhere belt bag
2,331846,everywhere belt bag,everywhere belt bag
2,331847,everywhere belt bag,everywhere belt bag
2,331848,everywhere belt bag,everywhere belt bag
2,331849,everywhere belt bag,everywhere belt bag
2,331850,everywhere belt bag,everywhere belt bag
2,331851,everywhere belt bag,everywhere belt bag
2,331852,everywhere belt bag,everywhere belt bag
2,331853,everywhere belt bag,everywhere belt bag
2,331854,everywhere belt bag,everywhere belt bag
2,331855,everywhere belt bag,everywhere belt bag
2,331856,everywhere belt bag,everywhere belt bag
2,331857,everywhere belt bag,everywhere belt bag
2,331858,everywhere belt bag,everywhere belt bag
2,331859,everywhere belt bag,everywhere belt bag
2,331868,everywhere belt bag white opal,everywhere belt bag white opal
2,331869,everywhere belt bag white opal,everywhere belt bag white opal
2,331888,cash credit line meaning,cash credit line meaning
2,331897,grey jacket,grey jacket
2,331898,grey sweat jacket,grey sweat jacket
344,331923,toilet paper,toilet paper
2,331940,summer smash tickets 2022,summer smash tickets 2022
2,331946,will call meaning tickets,will call meaning tickets
2,331952,nutella cafe,nutella cafe
2,331953,poodle and golden retriever,poodle and golden retriever
2,331954,poodle and golden retriever,poodle and golden retriever
2,331955,poodle and golden retriever,poodle and golden retriever
2,331972,scuba hoodie oversized,scuba hoodie oversized
2,331981,audrey 3+1 tops,audrey 3+1 tops
2,331988,illa illa tube top,illa illa tube top
2,331989,illa illa tube top red,illa illa tube top red
2,331990,illa illa tube top red,illa illa tube top red
2,331997,just black denim shorts,just black denim shorts
41,332025,"boutique/@41.8827849,-87.6513403,21z","boutique/@41.8827849,-87.6513403,21z"
41,332026,"boutique/@41.8827313,-87.6513148,19.53z","boutique/@41.8827313,-87.6513148,19.53z"
41,332027,"boutique/@41.8827891,-87.6533979,17z/data=!3m1!4b1","boutique/@41.8827891,-87.6533979,17z/data=!3m1!4b1"
41,332028,"boutique/@41.8828231,-87.6532687,17.67z","boutique/@41.8828231,-87.6532687,17.67z"
41,332029,"boutique/@41.8829438,-87.6545317,17.67z","boutique/@41.8829438,-87.6545317,17.67z"
41,332030,"boutique/@41.8829271,-87.6539099,18.22z","boutique/@41.8829271,-87.6539099,18.22z"
41,332031,"boutique/@41.8829202,-87.6533277,18.22z","boutique/@41.8829202,-87.6533277,18.22z"
2,332049,barefeet yoga,barefeet yoga
2,332066,heatwave discount code,heatwave discount code
2,332067,heatwave discount code reddit,heatwave discount code reddit
2,332068,heatwave festival discount code reddit,heatwave festival discount code reddit
2,332071,lollapalooza tickets,lollapalooza tickets
2,332094,the ups store,the ups store
2,332095,the ups store,the ups store
2,332096,the ups store,the ups store
344,332148,protein powder,protein powder
2,332169,brooklyn mirage louis the child,brooklyn mirage louis the child
2,332171,jeni's ice cream,jeni's ice cream
2,332178,swift,swift
2,332179,swift,swift
2,332180,swift,swift
2,332182,celtics,celtics
2,332221,momotaro,momotaro
2,332235,cocktail ingredients trader joes,cocktail ingredients trader joes
2,332237,warriors,warriors
2,332240,festival clothing,festival clothing
2,332242,princess polly,princess polly
2,332258,edm summer festival fits,edm summer festival fits
2,332259,edm summer festival fits,edm summer festival fits
2,332260,edm summer festival fits,edm summer festival fits
2,332261,edm summer festival fits,edm summer festival fits
2,332262,edm summer festival fits,edm summer festival fits
2,332263,edm summer festival fits,edm summer festival fits
2,332275,swim top knit,swim top knit
2,332276,swim top knit,swim top knit
2,332277,swim top crochet,swim top crochet
2,332278,swim top crochet,swim top crochet
2,332336,swim top crochet,swim top crochet
41,332340,"the+jewel/@41.8857156,-87.6482378,15z","the+jewel/@41.8857156,-87.6482378,15z"
41,332341,"the+jewel/@41.8857468,-87.6482378,15z/data=!3m1!4b1","the+jewel/@41.8857468,-87.6482378,15z/data=!3m1!4b1"
41,332342,"the+jewel/@41.8857468,-87.6482378,15z","the+jewel/@41.8857468,-87.6482378,15z"
41,332343,"the+jewel/@41.8887205,-87.6624951,15z","the+jewel/@41.8887205,-87.6624951,15z"
41,332344,"Pete's+Fresh+Market/@41.8887205,-87.6624951,15z","pete's+fresh+market/@41.8887205,-87.6624951,15z"
41,332345,"Pete's+Fresh+Market/@41.8888427,-87.7237806,12z/data=!3m1!4b1","pete's+fresh+market/@41.8888427,-87.7237806,12z/data=!3m1!4b1"
41,332346,"Pete's+Fresh+Market/@41.8806935,-87.686421,13z","pete's+fresh+market/@41.8806935,-87.686421,13z"
41,332347,"Pete's+Fresh+Market/@41.8787049,-87.6773007,13.41z","pete's+fresh+market/@41.8787049,-87.6773007,13.41z"
41,332348,"Pete's+Fresh+Market/@41.8755759,-87.680417,15.31z","pete's+fresh+market/@41.8755759,-87.680417,15.31z"
41,332349,"Pete's+Fresh+Market/@41.8773824,-87.6824273,15.31z","pete's+fresh+market/@41.8773824,-87.6824273,15.31z"
41,332350,"Pete's+Fresh+Market/@41.8791577,-87.680354,13.73z","pete's+fresh+market/@41.8791577,-87.680354,13.73z"
41,332351,"Pete's+Fresh+Market/@41.8834478,-87.6504299,15.89z","pete's+fresh+market/@41.8834478,-87.6504299,15.89z"
41,332352,"Pete's+Fresh+Market/@41.8845408,-87.6533238,15.35z","pete's+fresh+market/@41.8845408,-87.6533238,15.35z"
41,332353,"Pete's+Fresh+Market/@41.8835179,-87.6515299,15.57z","pete's+fresh+market/@41.8835179,-87.6515299,15.57z"
2,332358,house of vans,house of vans
2,332359,house of vans,house of vans
2,332360,house of vans chicago,house of vans chicago
2,332383,how muhc more money on my credit card can i spend,how muhc more money on my credit card can i spend
2,332385,princess polly,princess polly
2,332387,princess polly sale returns,princess polly sale returns
2,332395,FABRIC INVISIBLE BRA BLACK,fabric invisible bra black
2,332396,warriors,warriors
2,332397,chicago puiblic fireworks,chicago puiblic fireworks
344,332410,conditioner,conditioner
2,332447,citi thankyou points,citi thankyou points
2,332501,princess polly return reddit,princess polly return reddit
2,332504,thinkchicago,thinkchicago
2,332511,think chicago lollapalooza,think chicago lollapalooza
2,332512,think chicago lollapalooza reddit,think chicago lollapalooza reddit
41,332538,"happy+returns+/@41.8857156,-87.6482378,15z","happy+returns+/@41.8857156,-87.6482378,15z"
41,332540,"princess+polly/@41.8857156,-87.6482378,15z","princess+polly/@41.8857156,-87.6482378,15z"
2,332559,big pine lakes,big pine lakes
2,332568,bryce vine tour,bryce vine tour
2,332572,momotaro,momotaro
2,332602,momotaro,momotaro
2,332603,momotaro,momotaro
845,332643,Chicago,chicago
2,332651,purple pig,purple pig
2,332674,electric forest 2022,electric forest 2022
2,332675,electric forest 2022,electric forest 2022
2,332676,electric forest 2022,electric forest 2022
2,332677,electric forest 2022,electric forest 2022
2,332678,electric forest 2022,electric forest 2022
2,332679,electric forest 2022,electric forest 2022
2,332680,electric forest 2022,electric forest 2022
2,332687,Jauz block Party,jauz block party
2,332691,xian cuise,xian cuise
2,332762,madewell,madewell
2,332799,heatwave festival chicago reddit,heatwave festival chicago reddit
2,332802,heatwave festival chicago reddit safety,heatwave festival chicago reddit safety
2,332803,heatwave festival chicago reddit safety,heatwave festival chicago reddit safety
41,332814,"Saigon+Sisters/@41.8857156,-87.6482378,15z","saigon+sisters/@41.8857156,-87.6482378,15z"
41,332815,"Saigon+Sisters/@41.8857468,-87.6482807,15z/data=!3m1!4b1","saigon+sisters/@41.8857468,-87.6482807,15z/data=!3m1!4b1"
2,332841,Chloe Eco Nylon Bikini Top Blue - US',chloe eco nylon bikini top blue - us'
2,332900,better now meaning,better now meaning
2,332902,better now lyrics,better now lyrics
2,332903,wrapped around your finger lyrics,wrapped around your finger lyrics
2,332914,weather,weather
2,332957,math 157 harvard,math 157 harvard
2,332980,urban outfitters sale return policy,urban outfitters sale return policy
344,333010,bra stickies,bra stickies
2,333032,chicago to milwaukee train,chicago to milwaukee train
41,333102,"cvs/@41.8857156,-87.6482378,15z","cvs/@41.8857156,-87.6482378,15z"
41,333103,"cvs/@41.8857468,-87.6482807,15z/data=!3m1!4b1","cvs/@41.8857468,-87.6482807,15z/data=!3m1!4b1"
41,333104,"cvs/@41.8830796,-87.6524028,16.73z","cvs/@41.8830796,-87.6524028,16.73z"
41,333105,"cvs/@41.8841485,-87.6548993,16.73z","cvs/@41.8841485,-87.6548993,16.73z"
41,333106,"cvs/@41.8844147,-87.6541963,17.4z","cvs/@41.8844147,-87.6541963,17.4z"
41,333107,"cvs/@41.8843612,-87.6545955,16.63z","cvs/@41.8843612,-87.6545955,16.63z"
41,333108,"cvs/@41.8843682,-87.6545436,16.71z","cvs/@41.8843682,-87.6545436,16.71z"
41,333109,"cvs/@41.8843702,-87.6545285,16.73z","cvs/@41.8843702,-87.6545285,16.73z"
41,333110,"cvs/@41.8843702,-87.6571119,16.73z","cvs/@41.8843702,-87.6571119,16.73z"
41,333111,"cvs/@41.8844338,-87.656206,17.82z","cvs/@41.8844338,-87.656206,17.82z"
41,333112,"cvs/@41.8843558,-87.6573174,16.57z","cvs/@41.8843558,-87.6573174,16.57z"
41,333113,"cvs/@41.8846897,-87.6531507,16.57z","cvs/@41.8846897,-87.6531507,16.57z"
41,333114,"cvs/@41.8847683,-87.6526164,17.41z","cvs/@41.8847683,-87.6526164,17.41z"
41,333115,"cvs/@41.884747,-87.6527609,17.13z","cvs/@41.884747,-87.6527609,17.13z"
41,333116,"cvs/@41.884747,-87.6543974,17.13z","cvs/@41.884747,-87.6543974,17.13z"
41,333117,"cvs/@41.8849088,-87.652981,18.23z","cvs/@41.8849088,-87.652981,18.23z"
41,333118,"cvs/@41.8849207,-87.6528764,18.36z","cvs/@41.8849207,-87.6528764,18.36z"
41,333119,"cvs/@41.8846762,-87.6550172,16.83z","cvs/@41.8846762,-87.6550172,16.83z"
41,333120,"cvs/@41.884515,-87.6546463,17.14z","cvs/@41.884515,-87.6546463,17.14z"
41,333121,"cvs/@41.8833245,-87.6547243,17.14z","cvs/@41.8833245,-87.6547243,17.14z"
41,333122,"cvs/@41.883383,-87.6541273,17.81z","cvs/@41.883383,-87.6541273,17.81z"
41,333123,"cvs/@41.8832331,-87.65503,17.81z","cvs/@41.8832331,-87.65503,17.81z"
41,333124,"cvs/@41.8832237,-87.6548686,18.02z","cvs/@41.8832237,-87.6548686,18.02z"
41,333125,"cvs/@41.8832164,-87.6547445,18.21z","cvs/@41.8832164,-87.6547445,18.21z"
41,333126,"cvs/@41.8832173,-87.6547599,18.18z","cvs/@41.8832173,-87.6547599,18.18z"
41,333127,"cvs/@41.8832348,-87.6550597,17.78z","cvs/@41.8832348,-87.6550597,17.78z"
41,333128,"cvs/@41.8836199,-87.6545701,18.75z","cvs/@41.8836199,-87.6545701,18.75z"
41,333129,"cvs/@41.8835729,-87.6549703,17.99z","cvs/@41.8835729,-87.6549703,17.99z"
41,333130,"cvs/@41.8834925,-87.6568324,17.16z","cvs/@41.8834925,-87.6568324,17.16z"
41,333131,"cvs/@41.8831769,-87.6581522,17.16z","cvs/@41.8831769,-87.6581522,17.16z"
41,333132,"cvs/@41.8831769,-87.6564855,17.16z","cvs/@41.8831769,-87.6564855,17.16z"
41,333133,"cvs/@41.8830549,-87.6572852,17.16z","cvs/@41.8830549,-87.6572852,17.16z"
41,333134,"cvs/@41.8826223,-87.656379,17.86z","cvs/@41.8826223,-87.656379,17.86z"
41,333135,"cvs/@41.8823412,-87.6557903,18.63z","cvs/@41.8823412,-87.6557903,18.63z"
41,333136,"cvs/@41.8829677,-87.6566275,17.48z","cvs/@41.8829677,-87.6566275,17.48z"
41,333140,"cvs/@41.8828163,-87.6599561,17z","cvs/@41.8828163,-87.6599561,17z"
41,333141,"cvs/@41.8828163,-87.657982,17z","cvs/@41.8828163,-87.657982,17z"
41,333142,"cvs/@41.8830256,-87.6575852,17.33z","cvs/@41.8830256,-87.6575852,17.33z"
41,333143,"cvs/@41.8831893,-87.656539,17.75z","cvs/@41.8831893,-87.656539,17.75z"
41,333144,"cvs/@41.8830115,-87.6574656,17.31z","cvs/@41.8830115,-87.6574656,17.31z"
2,333199,thml leather jacket,thml leather jacket
2,333203,thml leather jacket,thml leather jacket
2,333207,thml button up leather jacket,thml button up leather jacket
2,333208,thml button up leather jacket,thml button up leather jacket
2,333209,thml button up leather jacket,thml button up leather jacket
2,333211,thml button up leather jacket,thml button up leather jacket
2,333212,thml button up leather jacket,thml button up leather jacket
2,333214,thml button up leather jacket,thml button up leather jacket
2,333215,thml button up leather jacket,thml button up leather jacket
2,333216,thml button up leather jacket,thml button up leather jacket
2,333217,thml button up leather jacket,thml button up leather jacket
2,333247,is chicago union station safe,is chicago union station safe
2,333248,is chicago union station safe reddit,is chicago union station safe reddit
2,333351,aritzia sunday best black dress,aritzia sunday best black dress
2,333363,thml Faux Leather Jacket,thml faux leather jacket
2,333364,thml Faux Leather Jacket,thml faux leather jacket
2,333365,thml Faux Leather Jacket,thml faux leather jacket
2,333366,thml Faux Leather Jacket,thml faux leather jacket
2,333367,thml Faux Leather Jacket,thml faux leather jacket
2,333368,thml Faux Leather Jacket,thml faux leather jacket
2,333369,thml Faux Leather Jacket,thml faux leather jacket
2,333370,thml Faux Leather Jacket,thml faux leather jacket
2,333371,thml Faux Leather Jacket,thml faux leather jacket
2,333372,thml Faux Leather Jacket,thml faux leather jacket
2,333373,thml Faux Leather Jacket,thml faux leather jacket
2,333374,thml Faux Leather Jacket,thml faux leather jacket
2,333375,thml Faux Leather Jacket,thml faux leather jacket
2,333376,thml Faux Leather Jacket,thml faux leather jacket
2,333377,thml Faux Leather Jacket,thml faux leather jacket
2,333378,thml Faux Leather Jacket,thml faux leather jacket
2,333379,thml Faux Leather Jacket,thml faux leather jacket
2,333380,thml Faux Leather Jacket,thml faux leather jacket
2,333381,thml Faux Leather Jacket,thml faux leather jacket
2,333382,thml Faux Leather Jacket,thml faux leather jacket
2,333383,thml Faux Leather Jacket,thml faux leather jacket
2,333384,thml Faux Leather Jacket,thml faux leather jacket
2,333400,peridot necklace,peridot necklace
2,333401,peridot necklace,peridot necklace
2,333410,peridot necklace,peridot necklace
2,333588,urban outfitters return policy on sale items,urban outfitters return policy on sale items
41,333602,"Urban+Outfitters/@41.8857156,-87.6482378,15z","urban+outfitters/@41.8857156,-87.6482378,15z"
41,333603,"Urban+Outfitters/@41.8857898,-87.6745026,13z/data=!3m1!4b1","urban+outfitters/@41.8857898,-87.6745026,13z/data=!3m1!4b1"
41,333604,"Urban+Outfitters/@41.8838768,-87.6382568,14.88z","urban+outfitters/@41.8838768,-87.6382568,14.88z"
41,333620,"Aritzia/@41.8981913,-87.6498646,14.69z/data=!3m1!5s0x880fd34c403670fb:0xd7b7fb630766b0c9","aritzia/@41.8981913,-87.6498646,14.69z/data=!3m1!5s0x880fd34c403670fb:0xd7b7fb630766b0c9"
41,333621,"Aritzia/@41.8981913,-87.6498646,14.69z","aritzia/@41.8981913,-87.6498646,14.69z"
41,333622,"Aritzia/@41.898381,-87.7791209,11z/data=!3m1!4b1","aritzia/@41.898381,-87.7791209,11z/data=!3m1!4b1"
2,333638,The Ragged Priest UO Exclusive Printed Jean,the ragged priest uo exclusive printed jean
2,333649,steve madden espadrille sandals,steve madden espadrille sandals
2,333650,steve madden espadrille sandals review,steve madden espadrille sandals review
2,333653,princess polly return policy,princess polly return policy
2,333695,togarash,togarash
41,333701,"Addams+Flex+Courts+/@41.8857156,-87.6482378,15z","addams+flex+courts+/@41.8857156,-87.6482378,15z"
41,333702,"Addams+Flex+Courts+/@41.8769887,-87.6558108,14z/data=!3m1!4b1","addams+flex+courts+/@41.8769887,-87.6558108,14z/data=!3m1!4b1"
2,333703,tofu flower stand flushing,tofu flower stand flushing
41,333757,"comed+recreation+center+at+addams+park/@41.8621712,-87.6639519,17z","comed+recreation+center+at+addams+park/@41.8621712,-87.6639519,17z"
41,333758,"comed+recreation+center+at+addams+park/@41.8627564,-87.6649529,17z/data=!3m1!4b1","comed+recreation+center+at+addams+park/@41.8627564,-87.6649529,17z/data=!3m1!4b1"
41,333759,"comed+recreation+center+at+addams+park/@41.8610174,-87.6966085,14.05z","comed+recreation+center+at+addams+park/@41.8610174,-87.6966085,14.05z"
41,333760,"comed+recreation+center+at+addams+park/@41.873515,-87.6783382,14.05z","comed+recreation+center+at+addams+park/@41.873515,-87.6783382,14.05z"
41,333761,"comed+recreation+center+at+addams+park/@41.8754497,-87.6832288,12.9z","comed+recreation+center+at+addams+park/@41.8754497,-87.6832288,12.9z"
41,333762,"comed+recreation+center+at+addams+park/@41.8750999,-87.6823444,13.05z","comed+recreation+center+at+addams+park/@41.8750999,-87.6823444,13.05z"
41,333763,"comed+recreation+center+at+addams+park/@41.8724023,-87.6774248,13.43z","comed+recreation+center+at+addams+park/@41.8724023,-87.6774248,13.43z"
41,333764,"comed+recreation+center+at+addams+park/@41.8691602,-87.6659977,14.12z","comed+recreation+center+at+addams+park/@41.8691602,-87.6659977,14.12z"
41,333765,"comed+recreation+center+at+addams+park/@41.8800255,-87.7042886,12.51z","comed+recreation+center+at+addams+park/@41.8800255,-87.7042886,12.51z"
41,333766,"comed+recreation+center+at+addams+park/@41.875575,-87.6793025,13.72z","comed+recreation+center+at+addams+park/@41.875575,-87.6793025,13.72z"
2,333771,poke poke west loop,poke poke west loop
2,333773,poke poke west loop,poke poke west loop
2,333777,poke poke,poke poke
2,333816,infinity opal bracelet,infinity opal bracelet
2,333817,infinity opal bracelet,infinity opal bracelet
2,333818,infinity gold opal bracelet,infinity gold opal bracelet
2,333819,infinity moon heart gold opal bracelet,infinity moon heart gold opal bracelet
2,333820,infinity moon heart gold opal bracelet,infinity moon heart gold opal bracelet
2,333822,arm candy infinity bracelet opal,arm candy infinity bracelet opal
2,333836,16.87+15.76+62.47,16.87+15.76+62.47
2,333866,oak and fort online return policy,oak and fort online return policy
2,333892,rocky statue,rocky statue
2,333893,rocky statue,rocky statue
2,333894,rocky statue,rocky statue
2,333895,rocky statue,rocky statue
2,333896,rocky statue,rocky statue
2,333897,rocky statue,rocky statue
2,333898,rocky statue,rocky statue
2,333899,rocky statue,rocky statue
2,333900,rocky statue,rocky statue
2,333901,rocky statue,rocky statue
2,333902,rocky statue,rocky statue
2,333903,rocky statue,rocky statue
2,333904,rocky statue,rocky statue
2,333905,mad corgi,mad corgi
2,333913,steve madden jaklyn espadrille sandal,steve madden jaklyn espadrille sandal
2,333951,billabong daisy bikini,billabong daisy bikini
41,333965,"Urban+Outfitters/@41.8857897,-87.6746098,13z/data=!3m1!4b1","urban+outfitters/@41.8857897,-87.6746098,13z/data=!3m1!4b1"
41,333966,"Urban+Outfitters/@41.8947055,-87.6485392,14.74z","urban+outfitters/@41.8947055,-87.6485392,14.74z"
2,333984,brunch places near me,brunch places near me
2,333985,brunch places near me,brunch places near me
2,333986,brunch places near me,brunch places near me
2,333987,brunch places near me,brunch places near me
2,333988,brunch places near me,brunch places near me
2,333989,brunch places near me,brunch places near me
2,333990,brunch places near me,brunch places near me
2,333991,brunch places near me,brunch places near me
2,333992,brunch places near me,brunch places near me
2,333993,brunch places near me,brunch places near me
2,333994,brunch places near me,brunch places near me
2,333995,brunch places near me,brunch places near me
2,333996,brunch places near me,brunch places near me
2,333997,brunch places near me,brunch places near me
2,334018,does lulus do happy returns,does lulus do happy returns
2,334027,imagen announcement,imagen announcement
2,334028,google imagen announcement,google imagen announcement
2,334029,google imagen publication,google imagen publication
2,334030,dalle e 2 announcement,dalle e 2 announcement
2,334034,ai taking over jobs new york times,ai taking over jobs new york times
2,334037,could ai replace artists,could ai replace artists
2,334048,chicago to boston flights,chicago to boston flights
2,334083,purple candy lyrics,purple candy lyrics
2,334090,puerto rico weather,puerto rico weather
2,334092,urban outfitters return policy,urban outfitters return policy
2,334095,piccolo sogno,piccolo sogno
2,334096,arbella happy hour time,arbella happy hour time
2,334099,nyc pier,nyc pier
2,334122,achilles tendon recovery exercise,achilles tendon recovery exercise
2,334124,good ambler,good ambler
2,334125,good ambler,good ambler
2,334126,reddit heatwave festival,reddit heatwave festival
2,334134,google apm program,google apm program
2,334167,hbc tech fellows,hbc tech fellows
2,334168,hbs tech fellows,hbs tech fellows
2,334175,pachinko,pachinko
2,334181,thinking in systems,thinking in systems
2,334214,lululemon,lululemon
2,334215,google apm internship reddit interviews,google apm internship reddit interviews
2,334241,weather,weather
2,334306,gaijin,gaijin
2,334308,gaijin resy,gaijin resy
2,334312,gaijin,gaijin
2,334318,alla vita,alla vita
2,334319,- [ ] Frontera Grill,- [ ] frontera grill
41,334320,"Yolk/@41.8857156,-87.6482378,15z","yolk/@41.8857156,-87.6482378,15z"
41,334321,"Yolk/@41.8857898,-87.6745026,13z/data=!3m1!4b1","yolk/@41.8857898,-87.6745026,13z/data=!3m1!4b1"
2,334324,poetic goods candles,poetic goods candles
2,334343,soup still life oil painting,soup still life oil painting
2,334344,soup still life oil painting,soup still life oil painting
2,334345,soup still life oil painting,soup still life oil painting
2,334347,money in the grave lyrics,money in the grave lyrics
2,334360,zedd in the park,zedd in the park
2,334372,tempo valley lyrics,tempo valley lyrics
2,334374,valley band instagram,valley band instagram
2,334430,marina city boat rental,marina city boat rental
2,334431,marina city boat rental,marina city boat rental
2,334449,price match promise expedia,price match promise expedia
2,334458,wary,wary
2,334512,alon amit,alon amit
2,334522,american airlines 807,american airlines 807
2,334523,american airlines 2141,american airlines 2141
2,334526,american airlines cancellation policy,american airlines cancellation policy
2,334528,unite airlines cancellation policy,unite airlines cancellation policy
2,334542,oxymoron,oxymoron
2,334553,gma,gma
2,334601,arbella reservations,arbella reservations
2,334619,convert zoom recording to mov,convert zoom recording to mov
41,334621,"kendall+marriott/@41.8857156,-87.6482378,15z","kendall+marriott/@41.8857156,-87.6482378,15z"
41,334622,"kendall+marriott/@33.712126,-88.3642588,5z/data=!3m1!4b1","kendall+marriott/@33.712126,-88.3642588,5z/data=!3m1!4b1"
41,334623,"kendall+marriott/@40.3658613,-75.333842,7.37z","kendall+marriott/@40.3658613,-75.333842,7.37z"
41,334624,"kendall+marriott/@42.5726247,-72.5498417,7.37z","kendall+marriott/@42.5726247,-72.5498417,7.37z"
41,334625,"kendall+marriott/@42.0222445,-71.9564553,10.07z","kendall+marriott/@42.0222445,-71.9564553,10.07z"
41,334626,"kendall+marriott/@42.4211528,-71.2067834,10.07z","kendall+marriott/@42.4211528,-71.2067834,10.07z"
41,334633,"kendall+marriott/@42.3539212,-71.1811482,12.83z","kendall+marriott/@42.3539212,-71.1811482,12.83z"
41,334634,"kendall+marriott/@42.3572913,-71.1379032,14.21z","kendall+marriott/@42.3572913,-71.1379032,14.21z"
41,334635,"kendall+marriott/@42.3576204,-71.1304655,14.75z","kendall+marriott/@42.3576204,-71.1304655,14.75z"
41,334636,"kendall+marriott/@42.3612846,-71.1304655,14.75z","kendall+marriott/@42.3612846,-71.1304655,14.75z"
2,334647,boston weather 10 day,boston weather 10 day
2,334670,le meridien,le meridien
2,334671,le meridien cambridge,le meridien cambridge
41,334718,"Courtyard+by+Marriott+near+Allston,+Boston,+MA/@41.8857156,-87.6482378,15z","courtyard+by+marriott+near+allston,+boston,+ma/@41.8857156,-87.6482378,15z"
41,334719,"Courtyard+by+Marriott+near+Allston,+Boston,+MA/@42.4073866,-71.2781377,11z/data=!3m1!4b1","courtyard+by+marriott+near+allston,+boston,+ma/@42.4073866,-71.2781377,11z/data=!3m1!4b1"
41,334720,"Courtyard+by+Marriott+near+Allston,+Boston,+MA/@42.367705,-71.1044874,12.65z","courtyard+by+marriott+near+allston,+boston,+ma/@42.367705,-71.1044874,12.65z"
41,334721,"Courtyard+by+Marriott+near+Allston,+Boston,+MA/@42.3616609,-71.1014166,13.12z","courtyard+by+marriott+near+allston,+boston,+ma/@42.3616609,-71.1014166,13.12z"
41,334722,"Courtyard+by+Marriott+near+Allston,+Boston,+MA/@42.3589731,-71.1477551,13.12z","courtyard+by+marriott+near+allston,+boston,+ma/@42.3589731,-71.1477551,13.12z"
41,334723,"Courtyard+by+Marriott+near+Allston,+Boston,+MA/@42.354854,-71.1406281,13.92z","courtyard+by+marriott+near+allston,+boston,+ma/@42.354854,-71.1406281,13.92z"
41,334724,"Courtyard+by+Marriott+near+Allston,+Boston,+MA/@42.3544889,-71.1458843,13.43z","courtyard+by+marriott+near+allston,+boston,+ma/@42.3544889,-71.1458843,13.43z"
41,334725,"Courtyard+by+Marriott+near+Allston,+Boston,+MA/@42.3540733,-71.1518703,13.02z","courtyard+by+marriott+near+allston,+boston,+ma/@42.3540733,-71.1518703,13.02z"
41,334726,"Courtyard+by+Marriott+near+Allston,+Boston,+MA/@42.3546975,-71.1314297,13.02z","courtyard+by+marriott+near+allston,+boston,+ma/@42.3546975,-71.1314297,13.02z"
41,334727,"Courtyard+by+Marriott+near+Allston,+Boston,+MA/@42.3600345,-71.106004,14.4z","courtyard+by+marriott+near+allston,+boston,+ma/@42.3600345,-71.106004,14.4z"
41,334861,"Courtyard+by+Marriott+near+Allston,+Boston,+MA/@42.3600345,-71.106004,14z","courtyard+by+marriott+near+allston,+boston,+ma/@42.3600345,-71.106004,14z"
41,334876,"Courtyard+by+Marriott+near+Allston,+Boston,+MA/@42.3600345,-71.079139,14z","courtyard+by+marriott+near+allston,+boston,+ma/@42.3600345,-71.079139,14z"
41,334877,"Courtyard+by+Marriott+near+Allston,+Boston,+MA/@42.3607824,-71.0758075,14.2z","courtyard+by+marriott+near+allston,+boston,+ma/@42.3607824,-71.0758075,14.2z"
41,334878,"Courtyard+by+Marriott+near+Allston,+Boston,+MA/@42.3635965,-71.0623074,15.86z","courtyard+by+marriott+near+allston,+boston,+ma/@42.3635965,-71.0623074,15.86z"
41,334879,"Courtyard+by+Marriott+near+Allston,+Boston,+MA/@42.3637941,-71.0582079,17.02z","courtyard+by+marriott+near+allston,+boston,+ma/@42.3637941,-71.0582079,17.02z"
41,334880,"Courtyard+by+Marriott+near+Allston,+Boston,+MA/@42.3637707,-71.0574466,17.02z","courtyard+by+marriott+near+allston,+boston,+ma/@42.3637707,-71.0574466,17.02z"
41,334881,"Courtyard+by+Marriott+near+Allston,+Boston,+MA/@42.3641387,-71.0563785,17.71z","courtyard+by+marriott+near+allston,+boston,+ma/@42.3641387,-71.0563785,17.71z"
41,334882,"Courtyard+by+Marriott+near+Allston,+Boston,+MA/@42.3639678,-71.0576038,16.92z","courtyard+by+marriott+near+allston,+boston,+ma/@42.3639678,-71.0576038,16.92z"
2,335087,sawada coffee,sawada coffee
2,335155,codesignal highest score possible,codesignal highest score possible
2,335157,alpha h liquid gold,alpha h liquid gold
2,335158,alpha h liquid gold 50 ml,alpha h liquid gold 50 ml
2,335175,marc anthony grow long anti-breakage hair mask,marc anthony grow long anti-breakage hair mask
2,335176,lottie london arch rival brow artist pencil in dark brown,lottie london arch rival brow artist pencil in dark brown
2,335177,BENEFIT COSMETICS BADgal BANG! Volumizing Mascara,benefit cosmetics badgal bang! volumizing mascara
2,335178,maybelline mascara yellow,maybelline mascara yellow
2,335179,barefoot venus ruby red macadamia oil body cream,barefoot venus ruby red macadamia oil body cream
2,335184,3pm cst to pst,3pm cst to pst
2,335185,audio recorder online,audio recorder online
2,335206,solidcore,solidcore
2,335210,solidcore class cancellation policy,solidcore class cancellation policy
41,335226,"North+Sacramento+Avenue,+Chicago,+IL/@41.858893,-87.6798612,14.36z","north+sacramento+avenue,+chicago,+il/@41.858893,-87.6798612,14.36z"
2,335247,google apm interview process,google apm interview process
2,335248,google apm interview internship process essays,google apm interview internship process essays
2,335265,weather,weather
2,335282,poke poke,poke poke
2,335285,chicago to boston flights today,chicago to boston flights today
2,335327,aa4914,aa4914
2,335333,boston,boston
2,335334,boston weather,boston weather
2,335336,coate,coate
2,335337,toagarashi,toagarashi
2,335347,aa4914,aa4914
2,335372,lao sze chuan,lao sze chuan
2,335373,lao sze chuan,lao sze chuan
2,335374,lao sze chuan,lao sze chuan
2,335375,lao sze chuan,lao sze chuan
22,335395,google apm intern day in the life,google apm intern day in the life
2,335401,chicago ord,chicago ord
2,335402,flights,flights
2,335403,flights chicago to new york,flights chicago to new york
2,335408,electric zoo,electric zoo
2,335418,nyc outsidelands,nyc outsidelands
2,335419,outsidelands lineup,outsidelands lineup
2,335420,outside lands lineup,outside lands lineup
2,335421,outside lands lineup,outside lands lineup
2,335422,outside lands lineup,outside lands lineup
2,335423,outside lands lineup,outside lands lineup
2,335430,customink,customink
2,335568,arielle zuckerberg,arielle zuckerberg
2,335589,nyc to chicago flight time,nyc to chicago flight time
2,335596,t4sg,t4sg
2,335599,hbs tech fellows,hbs tech fellows
2,335667,fly time from chicago to nyc,fly time from chicago to nyc
2,335703,arbella,arbella
2,335704,arbella reservations,arbella reservations
2,335729,arbella reservations,arbella reservations
2,335752,adobe research scholarship,adobe research scholarship
2,335797,citadel quantiative trading glassdoor,citadel quantiative trading glassdoor
2,335798,citadel quantiative trading intern questions glassdoor,citadel quantiative trading intern questions glassdoor
2,335804,citadel quantiative trading intern questions superday glassdoor,citadel quantiative trading intern questions superday glassdoor
2,335814,remi nyc,remi nyc
41,335820,"intercontinental+barclay+new+york/@41.8857156,-87.6482378,15z","intercontinental+barclay+new+york/@41.8857156,-87.6482378,15z"
2,335910,lifes a mess lyrics,lifes a mess lyrics
2,335916,Anne Brandes,anne brandes
2,335919,Anne Brandes,anne brandes
2,335920,Anne Brandes,anne brandes
2,335921,Anne Brandes,anne brandes
2,335922,Anne Brandes,anne brandes
2,335923,Anne Brandes,anne brandes
2,335924,Anne Brandes,anne brandes
2,335925,Anne Brandes,anne brandes
2,335926,Anne Brandes,anne brandes
2,335927,Anne Brandes,anne brandes
2,335928,Anne Brandes,anne brandes
2,335929,Anne Brandes,anne brandes
2,335930,Anne Brandes,anne brandes
2,335934,increased appetite pregnancy symptom,increased appetite pregnancy symptom
2,335939,aa774,aa774
41,335941,"34+to+street/@41.9707412,-87.9008282,14z","34+to+street/@41.9707412,-87.9008282,14z"
2,335955,farmer's fridge chia pudding,farmer's fridge chia pudding
41,335982,"citadel+305+park/@41.9707412,-87.9008282,14z","citadel+305+park/@41.9707412,-87.9008282,14z"
41,335983,"305+park+nyc/@41.9707412,-87.9008282,14z","305+park+nyc/@41.9707412,-87.9008282,14z"
2,336002,kazu nori,kazu nori
2,336003,kazu nori hours,kazu nori hours
2,336006,kazu nori,kazu nori
2,336007,KazuNori: The Original Hand Roll Bar,kazunori: the original hand roll bar
2,336008,KazuNori: The Original Hand Roll Bar,kazunori: the original hand roll bar
2,336009,KazuNori nyc ,kazunori nyc
2,336010,KazuNori nyc midtown east,kazunori nyc midtown east
2,336011,KazuNori nyc midtown east,kazunori nyc midtown east
2,336012,KazuNori nyc midtown east,kazunori nyc midtown east
2,336013,KazuNori nyc midtown east,kazunori nyc midtown east
2,336018,KazuNori nyc midtown east,kazunori nyc midtown east
2,336019,KazuNori nyc midtown east,kazunori nyc midtown east
2,336021,out of my hands jake scott lyrics,out of my hands jake scott lyrics
2,336039,the smith lincoln center,the smith lincoln center
2,336040,the smith lincoln center,the smith lincoln center
2,336065,kazu nori midtown,kazu nori midtown
2,336066,kazu nori midtown east,kazu nori midtown east
2,336067,kazu nori midtown east,kazu nori midtown east
2,336076,the smith nyc,the smith nyc
2,336077,the smith nyc,the smith nyc
2,336078,the smith nyc,the smith nyc
2,336098,the smith lincoln center,the smith lincoln center
2,336107,aa774,aa774
2,336109,kazu nori midtown east,kazu nori midtown east
2,336137,does jupyter hub require wifi to run,does jupyter hub require wifi to run
2,336139,does jupyterhub require wifi to run,does jupyterhub require wifi to run
2,336200,juicebox,juicebox
2,336201,juicebox music discovery,juicebox music discovery
2,336204,product hunt where should i eat,product hunt where should i eat
2,336226,Maas Lalani,maas lalani
2,336296,"6.S082/6.S967 Principles of Modeling, Computing and Control for Decarbonized Electric Energy Systems","6.s082/6.s967 principles of modeling, computing and control for decarbonized electric energy systems"
2,336297,firehose mit,firehose mit
2,336299,6.S082 mit,6.s082 mit
2,336315,plancrimson ,plancrimson
2,336354,can i bring an electric candle lighters on carry on,can i bring an electric candle lighters on carry on
2,336369,chicago to puerto rico time,chicago to puerto rico time
2,336391,baptiste power yoga,baptiste power yoga
2,336392,baptiste power yoga boston,baptiste power yoga boston
2,336393,baptiste power yoga boston,baptiste power yoga boston
41,336413,"yoga+near+Cambridge,+MA/@42.3355439,-71.1163771,15.72z","yoga+near+cambridge,+ma/@42.3355439,-71.1163771,15.72z"
41,336414,"yoga+near+Cambridge,+MA/@42.3355384,-71.1460966,13z/data=!3m1!4b1","yoga+near+cambridge,+ma/@42.3355384,-71.1460966,13z/data=!3m1!4b1"
41,336415,"yoga+near+Cambridge,+MA/@42.3653045,-71.126509,15.39z","yoga+near+cambridge,+ma/@42.3653045,-71.126509,15.39z"
41,336416,"yoga+near+Cambridge,+MA/@42.3707814,-71.1257546,15.39z","yoga+near+cambridge,+ma/@42.3707814,-71.1257546,15.39z"
41,336417,"yoga+near+Cambridge,+MA/@42.3722503,-71.1203827,18.78z","yoga+near+cambridge,+ma/@42.3722503,-71.1203827,18.78z"
41,336418,"yoga+near+Cambridge,+MA/@42.3726102,-71.1201673,18.78z","yoga+near+cambridge,+ma/@42.3726102,-71.1201673,18.78z"
2,336543,weather,weather
41,336555,"jungle+bar/@45.4332296,14.5540454,8.33z","jungle+bar/@45.4332296,14.5540454,8.33z"
41,336556,"jungle+bar/@45.4262508,14.554025,8z/data=!3m1!4b1","jungle+bar/@45.4262508,14.554025,8z/data=!3m1!4b1"
41,336557,"jungle+bar/@36.1834457,9.4519641,4.25z","jungle+bar/@36.1834457,9.4519641,4.25z"
41,336558,"jungle+bar/@52.4076124,-39.9008912,2.37z","jungle+bar/@52.4076124,-39.9008912,2.37z"
41,336559,"jungle+bar/@41.2104269,-12.350578,3.18z","jungle+bar/@41.2104269,-12.350578,3.18z"
41,336560,"jungle+bar+puerto+rico/@41.2104269,-12.350578,3.18z","jungle+bar+puerto+rico/@41.2104269,-12.350578,3.18z"
2,336583,"JungleBird, 254 C. Canals, San Juan, 00907","junglebird, 254 c. canals, san juan, 00907"
2,336584,"JungleBird, 254 C. Canals, San Juan, 00907","junglebird, 254 c. canals, san juan, 00907"
2,336594,Marlina Sanchez,marlina sanchez
2,336614,instagram.comn,instagram.comn
22,336696,what is ai explained,what is ai explained
2,336713,feedback online tool,feedback online tool
2,336714,feedback online tool for teachers,feedback online tool for teachers
2,336715,poll everywhere,poll everywhere
2,336732,cheeky,cheeky
2,336755,weather,weather
2,336757,weather,weather
2,336764,dall e 2,dall e 2
2,336765,imagen google,imagen google
2,336775,quattros sombres,quattros sombres
2,336776,quattros sombres old san juan,quattros sombres old san juan
2,336793,weather,weather
2,336797,weather,weather
2,336814,wave rooftop,wave rooftop
2,336823,tasty bar and lounge,tasty bar and lounge
2,336921,High Performance Computing (MIT),high performance computing (mit)
2,336922,High Performance Computing mit course,high performance computing mit course
2,336924,firehose mit,firehose mit
2,336925,firehose mit,firehose mit
2,336939,intern at googlex,intern at googlex
2,336940,lik,lik
2,336951,tidal project google x,tidal project google x
2,336957,stat 221 harvard,stat 221 harvard
2,336959,stat 149 harvard,stat 149 harvard
22,337001,live ai demonstration,live ai demonstration
22,337002,live facial regonition demonstration,live facial regonition demonstration
22,337007,facial regonition demonstration,facial regonition demonstration
22,337008,facial recognition demonstration,facial recognition demonstration
22,337019,applications of ai ,applications of ai
2,337028,wombo dream,wombo dream
2,337029,wombo dream,wombo dream
2,337030,wombo dream,wombo dream
2,337032,hotspot ai,hotspot ai
2,337034,hotspot ai,hotspot ai
2,337040,Deep Dream Generator,deep dream generator
2,337044,weather,weather
2,337045,la placita,la placita
2,337055,weather,weather
2,337106,imagen vs dall,imagen vs dall
2,337107,imagen vs dalle 2,imagen vs dalle 2
2,337155,weather,weather
2,337159,convert lower case to upper case,convert lower case to upper case
2,337161,remove single spaces from text,remove single spaces from text
2,337170,melinda gates divorce,melinda gates divorce
2,337185,starry night,starry night
2,337186,starry night,starry night
2,337206,lab,lab
2,337209,ai in the metaverse,ai in the metaverse
22,337234,alphago documentary,alphago documentary
2,337286,cs73 harvard,cs73 harvard
2,337287,radix trading summer 2023 internshi[,radix trading summer 2023 internshi[
2,337288,radix trading summer 2023 internship,radix trading summer 2023 internship
2,337292,radix trading,radix trading
2,337296,google apm internship why apm essay,google apm internship why apm essay
2,337297,google apm internship why apm essay reddit,google apm internship why apm essay reddit
2,337309,old san juan,old san juan
2,337310,old san juan weather,old san juan weather
2,337311,el yunque rainforest weather,el yunque rainforest weather
2,337315,avi itskovich,avi itskovich
22,337326,dangers and risks of ai,dangers and risks of ai
22,337327,can ai be creative,can ai be creative
2,337339,narrow ai vs general ai,narrow ai vs general ai
2,337384,vatic investments salary,vatic investments salary
2,337385,vatic investments salary reddit,vatic investments salary reddit
41,337386,"vatic+investments+new+york/@18.4592421,-66.0964819,14z","vatic+investments+new+york/@18.4592421,-66.0964819,14z"
41,337387,"vatic+investments+new+york/@40.6976701,-74.2598716,10z/data=!3m1!4b1","vatic+investments+new+york/@40.6976701,-74.2598716,10z/data=!3m1!4b1"
41,337388,"vatic+new+york/@40.6976701,-74.2598716,10z","vatic+new+york/@40.6976701,-74.2598716,10z"
2,337391,mark as important gmail,mark as important gmail
2,337392,mark as important gmail shortcut,mark as important gmail shortcut
2,337511,picture of dog,picture of dog
2,337512,picture of dog,picture of dog
2,337513,picture of dog wolf,picture of dog wolf
2,337514,picture of dog,picture of dog
2,337515,picture of dog that looks like cat,picture of dog that looks like cat
2,337516,picture of dog that looks like cat,picture of dog that looks like cat
2,337604,google translate,google translate
41,337667,"208+Quincy+St,+Brooklyn,+NY+11216/@40.686081,-73.9545375,17.41z","208+quincy+st,+brooklyn,+ny+11216/@40.686081,-73.9545375,17.41z"
2,337684,brooklyn safety map,brooklyn safety map
2,337781,"Invigorate High-Rise Short 6""","invigorate high-rise short 6"""
41,337792,"salad+nearby/@18.4560613,-66.0918115,14z","salad+nearby/@18.4560613,-66.0918115,14z"
41,337793,"salad+nearby/@18.4560597,-66.0918115,14z/data=!3m1!4b1","salad+nearby/@18.4560597,-66.0918115,14z/data=!3m1!4b1"
41,337794,"salad+nearby/@18.4528021,-66.0726152,17.46z","salad+nearby/@18.4528021,-66.0726152,17.46z"
41,337795,"salad+nearby/@18.4550652,-66.0742058,17.46z","salad+nearby/@18.4550652,-66.0742058,17.46z"
41,337796,"salad+nearby/@18.4557727,-66.0740546,18.96z","salad+nearby/@18.4557727,-66.0740546,18.96z"
41,337797,"salad+nearby/@18.4563507,-66.0743882,18.96z","salad+nearby/@18.4563507,-66.0743882,18.96z"
41,337798,"salad+nearby/@18.4563847,-66.0748459,18.96z","salad+nearby/@18.4563847,-66.0748459,18.96z"
41,337799,"salad+nearby/@18.4563702,-66.0746364,20.13z","salad+nearby/@18.4563702,-66.0746364,20.13z"
41,337812,"salad+nearby/@18.4559331,-66.0763045,17.54z","salad+nearby/@18.4559331,-66.0763045,17.54z"
41,337813,"salad+nearby/@18.4561872,-66.0756775,18.19z","salad+nearby/@18.4561872,-66.0756775,18.19z"
41,337814,"salad+nearby/@18.4563382,-66.0753016,18.69z","salad+nearby/@18.4563382,-66.0753016,18.69z"
41,337815,"salad+nearby/@18.4572675,-66.0755174,18.69z","salad+nearby/@18.4572675,-66.0755174,18.69z"
41,337816,"salad+nearby/@18.4572084,-66.0756571,18.35z","salad+nearby/@18.4572084,-66.0756571,18.35z"
2,337992,alpha go,alpha go
2,337993,alpha go documentary,alpha go documentary
2,338004,seatgeek resel posting,seatgeek resel posting
2,338025,weather old san juan,weather old san juan
2,338026,nyc weather,nyc weather
2,338027,weather nyc fahrenheit,weather nyc fahrenheit
2,338032,4pm cst to est,4pm cst to est
2,338033,gibsons italia,gibsons italia
2,338037,hrt vs jane street,hrt vs jane street
2,338043,discriminatory AI,discriminatory ai
2,338044,discriminatory AI dalle 2,discriminatory ai dalle 2
2,338054,casa blanca,casa blanca
2,338055,casa blanca,casa blanca
2,338065,force quit application mac,force quit application mac
2,338067,wireless speaker surround sound,wireless speaker surround sound
2,338068,wireless speaker surround sound,wireless speaker surround sound
2,338078,cs 107 harvard,cs 107 harvard
2,338107,sushi by m,sushi by m
2,338164,brooklyn safety map,brooklyn safety map
2,338168,spot dessert bar,spot dessert bar
2,338169,spot dessert bar,spot dessert bar
2,338170,spot dessert bar,spot dessert bar
2,338205,12.77+8.94-8.95,12.77+8.94-8.95
2,338206,12.76/2,12.76/2
2,338207,2 + 6.38 - 3 + 2.5,2 + 6.38 - 3 + 2.5
2,338208,2+3.5+2.5 + 2.5,2+3.5+2.5 + 2.5
2,338218,snap research fellowship,snap research fellowship
2,338270,cs 283 harvard,cs 283 harvard
2,338292,CS287,cs287
2,338293,cs287 harvard,cs287 harvard
2,338310,silkscreen,silkscreen
2,338311,silkscreen,silkscreen
2,338353,github copilot,github copilot
2,338354,github copilot demonstration,github copilot demonstration
2,338355,goodtimeswithscar,goodtimeswithscar
2,338356,goodtimes,goodtimes
2,338357,vimcal,vimcal
2,338369,palate,palate
2,338370,palates,palates
2,338376,bodega,bodega
41,338433,"yoga/@40.6865284,-73.9536661,18z","yoga/@40.6865284,-73.9536661,18z"
41,338434,"yoga/@40.6865283,-73.9569492,16z/data=!3m1!4b1","yoga/@40.6865283,-73.9569492,16z/data=!3m1!4b1"
2,338520,palates,palates
2,338521,palates meaning,palates meaning
2,338560,sphinx,sphinx
2,338561,sphinx software,sphinx software
2,338566,nyc to boston train sunday,nyc to boston train sunday
2,338571,greyhound vs amtrak,greyhound vs amtrak
41,338582,"nyp/@40.681472,-73.9508224,14z","nyp/@40.681472,-73.9508224,14z"
41,338583,"nyp/@40.6814495,-74.003353,12z/data=!3m1!4b1","nyp/@40.6814495,-74.003353,12z/data=!3m1!4b1"
41,338587,"penn+station/@40.681472,-73.9508224,14z","penn+station/@40.681472,-73.9508224,14z"
41,338588,"penn+station/@40.7104396,-74.0995535,12z/data=!3m1!4b1","penn+station/@40.7104396,-74.0995535,12z/data=!3m1!4b1"
41,338589,"penn+station/@40.7405211,-74.0306664,13.66z","penn+station/@40.7405211,-74.0306664,13.66z"
41,338590,"penn+station/@40.6688862,-74.1584916,11.61z","penn+station/@40.6688862,-74.1584916,11.61z"
2,338591,new york to boston amtrak,new york to boston amtrak
2,338593,nyc penn station,nyc penn station
41,338609,"penn+station/@40.6930759,-74.1363224,12.4z","penn+station/@40.6930759,-74.1363224,12.4z"
41,338610,"penn+station/@40.7289201,-74.0394093,12.4z","penn+station/@40.7289201,-74.0394093,12.4z"
41,338611,"penn+station/@40.7480245,-74.013398,13.75z","penn+station/@40.7480245,-74.013398,13.75z"
41,338612,"penn+station/@40.7514294,-73.998224,15.42z","penn+station/@40.7514294,-73.998224,15.42z"
41,338613,"penn+station/@40.7465579,-73.9979361,15.42z","penn+station/@40.7465579,-73.9979361,15.42z"
41,338614,"penn+station/@40.7423464,-74.0040079,14.58z","penn+station/@40.7423464,-74.0040079,14.58z"
41,338620,"penn+station/@40.7407134,-74.0005513,14.17z","penn+station/@40.7407134,-74.0005513,14.17z"
2,338664,numerai,numerai
2,338686,justin glibert,justin glibert
41,338702,"East+31st+Street,+Manhattan,+New+York,+NY/@40.681472,-73.9508224,14z","east+31st+street,+manhattan,+new+york,+ny/@40.681472,-73.9508224,14z"
41,338709,"Nomad+near+31st+Street,+Astoria,+NY/@40.7467498,-73.9887885,15.34z","nomad+near+31st+street,+astoria,+ny/@40.7467498,-73.9887885,15.34z"
41,338710,"Nomad+near+31st+Street,+Astoria,+NY/@40.746775,-73.9888223,15z/data=!3m1!4b1","nomad+near+31st+street,+astoria,+ny/@40.746775,-73.9888223,15z/data=!3m1!4b1"
41,338711,"Nomad+near+31st+Street,+Astoria,+NY/@40.7470697,-73.9877815,15.97z","nomad+near+31st+street,+astoria,+ny/@40.7470697,-73.9877815,15.97z"
41,338712,"Nomad+near+31st+Street,+Astoria,+NY/@40.7426667,-73.9922191,14.12z","nomad+near+31st+street,+astoria,+ny/@40.7426667,-73.9922191,14.12z"
41,338713,"Nomad+near+31st+Street,+Astoria,+NY/@40.747676,-73.9871704,16.62z","nomad+near+31st+street,+astoria,+ny/@40.747676,-73.9871704,16.62z"
2,338774,rakuten,rakuten
2,338775,raku nyc,raku nyc
2,338776,raku nyc,raku nyc
2,338777,raku nyc,raku nyc
2,338789,mischief startup,mischief startup
2,338790,mschf,mschf
2,338837,Rauschenberg,rauschenberg
2,338838,Rauschenberg,rauschenberg
2,338839,rauschenberg silk screens,rauschenberg silk screens
2,338841,warhol silk screens,warhol silk screens
2,338846,sham kakade,sham kakade
2,338866,sevaa brooklyn,sevaa brooklyn
2,338867,sevaa brooklyn,sevaa brooklyn
41,338886,"yoga/@40.685599,-73.9523134,16.68z","yoga/@40.685599,-73.9523134,16.68z"
41,338887,"yoga/@40.6855986,-73.9583383,15z/data=!3m1!4b1","yoga/@40.6855986,-73.9583383,15z/data=!3m1!4b1"
41,338888,"yoga/@40.6853937,-73.9563312,15.86z","yoga/@40.6853937,-73.9563312,15.86z"
41,338889,"yoga/@40.6853937,-73.9575593,15.86z","yoga/@40.6853937,-73.9575593,15.86z"
41,338900,"coffee+near+me/@40.8251285,-73.568128,8z","coffee+near+me/@40.8251285,-73.568128,8z"
41,338901,"coffee+near+me/@40.8142749,-73.5681625,8z/data=!3m1!4b1","coffee+near+me/@40.8142749,-73.5681625,8z/data=!3m1!4b1"
41,338910,"coffee+near+me/@40.6910084,-73.9620859,15.11z","coffee+near+me/@40.6910084,-73.9620859,15.11z"
41,338911,"coffee+near+me/@40.6910078,-73.9620859,15z/data=!3m1!4b1","coffee+near+me/@40.6910078,-73.9620859,15z/data=!3m1!4b1"
41,338912,"coffee+near+me/@40.6899288,-73.958173,15.89z","coffee+near+me/@40.6899288,-73.958173,15.89z"
41,338913,"coffee+near+me/@40.6897196,-73.9574144,16.15z","coffee+near+me/@40.6897196,-73.9574144,16.15z"
41,338915,"coffee+near+me/@40.6874756,-73.9543905,17.75z","coffee+near+me/@40.6874756,-73.9543905,17.75z"
41,338916,"coffee+near+me/@40.6881153,-73.959294,16.05z","coffee+near+me/@40.6881153,-73.959294,16.05z"
41,338917,"coffee+near+me/@40.6881153,-73.9558381,16.05z","coffee+near+me/@40.6881153,-73.9558381,16.05z"
2,338950,baba is you,baba is you
2,338954,chores in spanish,chores in spanish
41,338955,"yoga/@40.6875087,-73.9696196,15z","yoga/@40.6875087,-73.9696196,15z"
2,338996,street bumbler,street bumbler
2,339008,yun hua fang art studio,yun hua fang art studio
2,339017,matt saunders harvard,matt saunders harvard
2,339026,norstrand ave cafe,norstrand ave cafe
2,339027,nostrand ave cafe,nostrand ave cafe
2,339028,nostrand ave cafe,nostrand ave cafe
2,339032,stat cs requirements,stat cs requirements
2,339033,cs concurrent masters,cs concurrent masters
2,339036,texmes,texmes
2,339037,texmex,texmex
2,339039,code to text,code to text
2,339040,code to text models,code to text models
2,339041,code to text models codex,code to text models codex
2,339045,gory love lyris,gory love lyris
2,339051,research intern at snapchat,research intern at snapchat
2,339052,korean food near me,korean food near me
2,339053,korean food near 208 quincy street,korean food near 208 quincy street
2,339054,korean food near 208 quincy street,korean food near 208 quincy street
2,339055,korean food near 208 quincy street,korean food near 208 quincy street
2,339057,korean food near 208 quincy street,korean food near 208 quincy street
2,339058,korean food near 208 quincy street,korean food near 208 quincy street
2,339088,research intern at snapchat linkedin,research intern at snapchat linkedin
2,339097,ava robinson snapchat,ava robinson snapchat
2,339106,snap research engineer salary,snap research engineer salary
2,339138,color theory,color theory
2,339140,northwell health-gohealth urgent care,northwell health-gohealth urgent care
2,339141,northwell health-gohealth urgent care brooklyn,northwell health-gohealth urgent care brooklyn
2,339142,northwell health-gohealth urgent care brooklyn,northwell health-gohealth urgent care brooklyn
2,339143,northwell health-gohealth urgent care brooklyn,northwell health-gohealth urgent care brooklyn
2,339144,northwell health-gohealth urgent care brooklyn,northwell health-gohealth urgent care brooklyn
2,339171,nordran coffe roasters,nordran coffe roasters
2,339172,nordhan coffe roasters,nordhan coffe roasters
2,339185,spotify song visualization,spotify song visualization
2,339191,visualizing the music you listen to,visualizing the music you listen to
2,339192,visualizing the music you listen to spotify,visualizing the music you listen to spotify
2,339197,measure similarity between two topifs,measure similarity between two topifs
2,339200,collaborative filtering,collaborative filtering
2,339201,visualization of search history,visualization of search history
2,339205,obsidian knowledge graph,obsidian knowledge graph
2,339207,obsidian graph,obsidian graph
2,339208,obsidian graph,obsidian graph
2,339209,obsidian graph,obsidian graph
2,339211,google chrome search history,google chrome search history
2,339212,google chrome search journeys,google chrome search journeys
2,339213,google joruneys,google joruneys
2,339214,google journeys,google journeys
2,339219,d3,d3
2,339220,d3,d3
2,339221,d3 visualization nodes,d3 visualization nodes
22,339227,d3 demonstration,d3 demonstration
2,339229,nevermind valley lyrics,nevermind valley lyrics
2,339237,export chrome history extension,export chrome history extension
2,339240,download google journeys data,download google journeys data
2,339242,google knowledge graph api,google knowledge graph api
2,339246,cut specifc pages of pdf,cut specifc pages of pdf
2,339264,lotus pond,lotus pond
2,339265,lotus pond,lotus pond
2,339266,lotus pond,lotus pond
2,339267,lotus pond,lotus pond
2,339268,lotus pond,lotus pond
2,339272,fruchterman-reingold algorithm python,fruchterman-reingold algorithm python
2,339273,fruchterman-reingold algorithm python,fruchterman-reingold algorithm python
2,339292,cs 175,cs 175
2,339293,cs 175 harvard,cs 175 harvard
2,339295,google journeys,google journeys
2,339297,cs143 harvard,cs143 harvard
2,339298,cs134 harvard,cs134 harvard
2,339306,cs178,cs178
2,339307,cs178 harvard,cs178 harvard
2,339309,cs 187 harvard,cs 187 harvard
2,339313,cs79,cs79
2,339322,yva yoga,yva yoga
41,339338,"flow+pilates+bed+stuy/@40.681472,-73.9475456,14z","flow+pilates+bed+stuy/@40.681472,-73.9475456,14z"
41,339348,"yoa/@40.681472,-73.9475456,14z","yoa/@40.681472,-73.9475456,14z"
41,339349,"yoa/@40.6815344,-73.9476314,14z/data=!3m1!4b1","yoa/@40.6815344,-73.9476314,14z/data=!3m1!4b1"
41,339350,"yoga/@40.6815344,-73.9476314,14z","yoga/@40.6815344,-73.9476314,14z"
41,339351,"yoga/@40.6815969,-73.9477173,14z/data=!3m1!4b1","yoga/@40.6815969,-73.9477173,14z/data=!3m1!4b1"
41,339352,"yoga/@40.6828987,-73.9560429,14z","yoga/@40.6828987,-73.9560429,14z"
41,339353,"yoga/@40.6833344,-73.9543865,16.24z","yoga/@40.6833344,-73.9543865,16.24z"
2,339405,d3 notebook,d3 notebook
2,339406,d3 jupyter notebook,d3 jupyter notebook
862,339409,melixir,melixir
2,339417,prema yoga,prema yoga
2,339422,cs126 harvard,cs126 harvard
2,339433,manage addresses amazon,manage addresses amazon
2,339439,"829 LYDIG AVE BRONX, Ny","829 lydig ave bronx, ny"
2,339441,"829 LYDIG AVE BRONX, N","829 lydig ave bronx, n"
2,339472,bronx safety map,bronx safety map
2,339487,brooklyn vs bronx,brooklyn vs bronx
2,339488,brooklyn vs bronx safety,brooklyn vs bronx safety
2,339500,urban asanas,urban asanas
2,339509,ways to use d3,ways to use d3
2,339511,ways to use d3 in notebook,ways to use d3 in notebook
2,339513,jupyter notebook online,jupyter notebook online
2,339535,ide to write d3,ide to write d3
2,339555,weather,weather
2,339556,cs178 harvard,cs178 harvard
2,339587,vatic investments,vatic investments
2,339601,intern at vatic labs,intern at vatic labs
2,339602,intern at vatic labs linkedin,intern at vatic labs linkedin
2,339605,intern at vatic linkedin,intern at vatic linkedin
2,339615,convert numbers to csv,convert numbers to csv
2,339619,unable to delete file after converting to cvs,unable to delete file after converting to cvs
2,339620,unable to delete file after converting to cs,unable to delete file after converting to cs
2,339621,unable to delete file after converting to csv,unable to delete file after converting to csv
41,339622,"flow+pilates/@40.681472,-73.9475456,14z","flow+pilates/@40.681472,-73.9475456,14z"
41,339623,"flow+pilates/@40.6814694,-73.9476314,14z/data=!3m1!4b1","flow+pilates/@40.6814694,-73.9476314,14z/data=!3m1!4b1"
2,339649,import csv,import csv
2,339650,import csv python as pandas,import csv python as pandas
2,339652,unable to delete file on mac after converting to csv,unable to delete file on mac after converting to csv
2,339654,knowledge graph python,knowledge graph python
2,339655,knowledge graph python,knowledge graph python
2,339656,knowledge graph python,knowledge graph python
2,339657,knowledge graph python,knowledge graph python
2,339658,knowledge graph python,knowledge graph python
2,339659,python generate clusters based on words,python generate clusters based on words
2,339672,generating themes from words python,generating themes from words python
2,339703,anaconda navigator download,anaconda navigator download
2,339730,abby solomon nyc,abby solomon nyc
2,339733,john solomon,john solomon
2,339734,john solomon nyc,john solomon nyc
2,339735,john d solomon fellowship,john d solomon fellowship
2,339737,baynard chapin ny,baynard chapin ny
2,339740,robert baynard nyc,robert baynard nyc
2,339765,kenyon bruha,kenyon bruha
2,339804,ModuleNotFoundError: No module named 'nltk',modulenotfounderror: no module named 'nltk'
2,339830,max dama,max dama
2,339836,max dama quant guide,max dama quant guide
2,339838,max dama quant guide vatic,max dama quant guide vatic
2,339843,git clone repository,git clone repository
2,339845,what does forking a repository do,what does forking a repository do
2,339847,grapholoy,grapholoy
2,339848,grapholoyjs,grapholoyjs
2,339849,graphology js,graphology js
2,339851,graphology js,graphology js
2,339852,graphology js,graphology js
2,339853,graphology js,graphology js
2,339854,graphology js,graphology js
2,339855,graphology js,graphology js
2,339856,sigma js,sigma js
2,339863,My Google Activity api,my google activity api
2,339869,topic extraction models from words,topic extraction models from words
2,339870,topic extraction models from phrase,topic extraction models from phrase
2,339877,MEG COSMETICS Marine Serum Cleanser,meg cosmetics marine serum cleanser
2,339878,BYROE Golden Carrot Overnight Relief Mask,byroe golden carrot overnight relief mask
2,339879,TATCHA The Rice Wash,tatcha the rice wash
2,339885,FLIRTACIOUS LOOKS COSMETICS Quick Beat Beauty Sponge,flirtacious looks cosmetics quick beat beauty sponge
2,339891,for tonight lyrics,for tonight lyrics
2,339895,for tonight lyrics meaning,for tonight lyrics meaning
2,339921,graphology js,graphology js
2,339922,graphology js,graphology js
2,339927,never not lyrics,never not lyrics
2,339934,no module named simplehttpserver,no module named simplehttpserver
2,339936,how to check python version,how to check python version
2,339938,graphology js,graphology js
2,339939,graphology js,graphology js
2,339940,graphology js,graphology js
2,339941,graphology js,graphology js
2,339942,graphology js,graphology js
2,339943,graphology js,graphology js
2,339952,lost me lyrics,lost me lyrics
2,339957,feels like home lyrics,feels like home lyrics
2,339963,feels like home lyrics jenna wright,feels like home lyrics jenna wright
2,339975,topic extraction models from phrase python,topic extraction models from phrase python
2,339977,ModuleNotFoundError: No module named 'nltk',modulenotfounderror: no module named 'nltk'
2,339979,ModuleNotFoundError: No module named 'nltk',modulenotfounderror: no module named 'nltk'
2,339980,ModuleNotFoundError: No module named 'nltk' requirement up to date,modulenotfounderror: no module named 'nltk' requirement up to date
2,339982,pip remove,pip remove
2,339983,no module named even though installed,no module named even though installed
2,340051,weather,weather
2,340066,citadel securities culture reddit,citadel securities culture reddit
2,340087,No module named 'nltk' even though installed,no module named 'nltk' even though installed
2,340088,Requirement already satisfied: python,requirement already satisfied: python
2,340104,.bash_profile mac,.bash_profile mac
2,340106,unable to import library in jupyter notebook even though it works in python,unable to import library in jupyter notebook even though it works in python
2,340108,No module named 'nltk',no module named 'nltk'
2,340110,anaconda3 install library,anaconda3 install library
2,340112,modulenotfounderror even though installed,modulenotfounderror even though installed
2,340114,not loaded: syscall to map cache into shared region failed when installing package,not loaded: syscall to map cache into shared region failed when installing package
2,340120,dyld cache '/System/Library/dyld/dyld_shared_cache_x86_64h' not loaded: syscall to map cache into shared region failed,dyld cache '/system/library/dyld/dyld_shared_cache_x86_64h' not loaded: syscall to map cache into shared region failed
2,340122,The default interactive shell is now zsh.,the default interactive shell is now zsh.
2,340124,-bash: brew: command not found,-bash: brew: command not found
2,340126,dyld[1604]: dyld cache '/System/Library/dyld/dyld_shared_cache_x86_64h' not loaded: syscall to map cache into shared region failed,dyld[1604]: dyld cache '/system/library/dyld/dyld_shared_cache_x86_64h' not loaded: syscall to map cache into shared region failed
2,340129,remove folder from command line,remove folder from command line
2,340130,replafe python 3.6 with 3.9,replafe python 3.6 with 3.9
2,340132,uninstall python3,uninstall python3
2,340137,install python 3.9,install python 3.9
2,340138,install python 3.9 using brew,install python 3.9 using brew
2,340146,gongcha lyche oolong tea,gongcha lyche oolong tea
2,340147,gongcha lyche oolong tea,gongcha lyche oolong tea
2,340148,gongcha lyche oolong tea,gongcha lyche oolong tea
2,340152,bluebikes monthly membership,bluebikes monthly membership
2,340154,python3 --version dyld[18738]: dyld cache '/System/Library/dyld/dyld_shared_cache_x86_64h' not loaded: syscall to map cache into shared region failed,python3 --version dyld[18738]: dyld cache '/system/library/dyld/dyld_shared_cache_x86_64h' not loaded: syscall to map cache into shared region failed
2,340155,PATH environment variable.,path environment variable.
2,340157,change PATH environment variable mac,change path environment variable mac
2,340159,change path environment variable mac for python 3.9,change path environment variable mac for python 3.9
2,340165,source environment create,source environment create
2,340167,create virtual environment python,create virtual environment python
2,340170,create and activate virtual environment python,create and activate virtual environment python
2,340175,how to use virtual environment in jupyter notebook,how to use virtual environment in jupyter notebook
2,340191,moo shu,moo shu
2,340214,create and activate virtual environment python,create and activate virtual environment python
2,340215,activate virtual environment python,activate virtual environment python
2,340218,word2vec topic geneartion,word2vec topic geneartion
2,340220,word2vec topic creation,word2vec topic creation
2,340222,how to cluster similar phrases in python,how to cluster similar phrases in python
2,340251,math requirement harvard,math requirement harvard
2,340253,linguistics harvard concentraiton requirements,linguistics harvard concentraiton requirements
2,340296,kylie poppen collab ai,kylie poppen collab ai
2,340312,zach lloyd startup,zach lloyd startup
2,340327,temporal startup,temporal startup
2,340352,rhythm garg,rhythm garg
2,340361,bubble startup,bubble startup
2,340366,bubble number of employees,bubble number of employees
2,340367,skiff startup,skiff startup
2,340371,bubble new york office,bubble new york office
2,340393,prod harvard mit,prod harvard mit
2,340397,clustering google searches,clustering google searches
2,340400,"E. Gabrilovich and S. Markovitch. Wikipedia-based semantic interpretation for natural language processing. J. Artif. Int. Res., 34(1):443–498, 2009","e. gabrilovich and s. markovitch. wikipedia-based semantic interpretation for natural language processing. j. artif. int. res., 34(1):443–498, 2009"
2,340402,P. Ferragina and U. Scaiella. TAGME: On-the-fly annotation of short text fragments (by Wikipedia entities),p. ferragina and u. scaiella. tagme: on-the-fly annotation of short text fragments (by wikipedia entities)
2,340406,tagme github,tagme github
2,340410,tagme github wikipedia,tagme github wikipedia
2,340414,word2vec python topic,word2vec python topic
2,340415,word2vec for phrases python,word2vec for phrases python
2,340423,google apm internship timeline,google apm internship timeline
2,340432,embedding phrases python,embedding phrases python
2,340434,down under yoga cambridge,down under yoga cambridge
2,340435,down under yoga cambridge,down under yoga cambridge
2,340436,down under yoga cambridge,down under yoga cambridge
2,340437,down under yoga cambridge,down under yoga cambridge
2,340438,down under yoga cambridge,down under yoga cambridge
2,340447,group phrases into clusters,group phrases into clusters
2,340449,clustering phrases python,clustering phrases python
2,340451,gensim example,gensim example
2,340453,import plt,import plt
2,340454,convert list to dictionary python,convert list to dictionary python
2,340456,sort dictionary by values,sort dictionary by values
2,340457,sort dictionary by values descending python,sort dictionary by values descending python
2,340460,sort dictionary by values descending python,sort dictionary by values descending python
2,340462,doc2vec,doc2vec
2,340473,lease see https://docs.github.com/en/get-started/getting-started-with-git/about-remote-repositories#cloning-with-https-urls,lease see https://docs.github.com/en/get-started/getting-started-with-git/about-remote-repositories#cloning-with-https-urls
2,340485,can two people work on google colab at the same time,can two people work on google colab at the same time
2,340515,susa ventures,susa ventures
41,340530,"hot+yoga+studio+/@40.6787684,-73.9475456,14z","hot+yoga+studio+/@40.6787684,-73.9475456,14z"
41,340531,"hot+yoga+studio+/@40.6788309,-73.9475456,14z/data=!3m1!4b1","hot+yoga+studio+/@40.6788309,-73.9475456,14z/data=!3m1!4b1"
41,340532,"hot+yoga+studio+/@40.6831668,-73.9525873,14.94z","hot+yoga+studio+/@40.6831668,-73.9525873,14.94z"
41,340533,"hot+yoga+studio+/@40.684391,-73.9646508,14.94z","hot+yoga+studio+/@40.684391,-73.9646508,14.94z"
41,340534,"hot+yoga+studio+/@40.6840192,-73.9556206,15.79z","hot+yoga+studio+/@40.6840192,-73.9556206,15.79z"
41,340541,"hot+yoga+studio+/@40.6852072,-73.959301,15.79z","hot+yoga+studio+/@40.6852072,-73.959301,15.79z"
41,340542,"hot+yoga+studio+/@40.6842473,-73.9580239,16.3z","hot+yoga+studio+/@40.6842473,-73.9580239,16.3z"
41,340543,"hot+yoga+studio+/@40.6844275,-73.9582636,16.19z","hot+yoga+studio+/@40.6844275,-73.9582636,16.19z"
41,340544,"hot+yoga+studio+/@40.6855619,-73.9597729,15.64z","hot+yoga+studio+/@40.6855619,-73.9597729,15.64z"
41,340545,"hot+yoga+studio+/@40.6918555,-73.9681455,14.16z","hot+yoga+studio+/@40.6918555,-73.9681455,14.16z"
41,340546,"hot+yoga+studio+/@40.695513,-73.9730113,13.71z","hot+yoga+studio+/@40.695513,-73.9730113,13.71z"
41,340547,"hot+yoga+studio+/@40.6942973,-73.971394,13.84z","hot+yoga+studio+/@40.6942973,-73.971394,13.84z"
41,340548,"hot+yoga+studio+/@40.6942295,-73.9713038,13.85z","hot+yoga+studio+/@40.6942295,-73.9713038,13.85z"
41,340549,"hot+yoga+studio+/@40.6889341,-73.9616828,15.38z","hot+yoga+studio+/@40.6889341,-73.9616828,15.38z"
41,340555,"hot+yoga+studio+/@40.6869169,-73.9638586,15z","hot+yoga+studio+/@40.6869169,-73.9638586,15z"
2,340599,208 quincy st brooklyn ny 11216,208 quincy st brooklyn ny 11216
2,340613,208 quincy st brooklyn ny 11216,208 quincy st brooklyn ny 11216
2,340626,do geneds fulfill distribution requirements harvard,do geneds fulfill distribution requirements harvard
2,340633,cs ab sm requirements,cs ab sm requirements
2,340634,harvard double major,harvard double major
2,340726,d3 visualization zooming in when dragging nodes,d3 visualization zooming in when dragging nodes
2,340727,d3 visualization keeps on zooming in when dragging nodes,d3 visualization keeps on zooming in when dragging nodes
2,340728,d3 drag handler keeps on zooming in,d3 drag handler keeps on zooming in
2,340731,enable zooming d3,enable zooming d3
2,340734,simulation alphatarget,simulation alphatarget
2,340736,link two commands together terminal,link two commands together terminal
2,340737,add zoom to existing d3 visualization,add zoom to existing d3 visualization
2,340739,d3.json zoom,d3.json zoom
2,340749,d3.json,d3.json
2,340751,svg width and height to fit to computer,svg width and height to fit to computer
2,340754,how to adjust svg width and height to zoom,how to adjust svg width and height to zoom
2,340763,keep svg width and height same after zoom,keep svg width and height same after zoom
2,340765,keep svg width and height same after zoom d3,keep svg width and height same after zoom d3
2,340768,resize dimensions after d3 zoom in ,resize dimensions after d3 zoom in
2,340772,palace sam smith lyrics,palace sam smith lyrics
2,340773,where does chrome history live on desktop,where does chrome history live on desktop
